sentence_f,sentence_e,coll_freq,logdice,obj_freq,perf_ger,art_ger,perf_eng,past_eng,noun_ger,noun_eng,impf_3,aux_ger,sentence_f_cutoff_after_subject,sentence_f_cutoff_after_haben,sentence_f_cutoff_after_object
Ich habe den Apfel gegessen,I ate the apple,3430,7.99,314787,gegessen,den,eaten,ate,Apfel,apple,aß,habe,Ich,Ich habe,Ich habe den Apfel
Er hat den Apfel gegessen,He ate the apple,3430,7.99,314787,gegessen,den,eaten,ate,Apfel,apple,aß,hat,Er,Er hat,Er hat den Apfel
Der Mann hat den Apfel gegessen,The man ate the apple,3430,7.99,314787,gegessen,den,eaten,ate,Apfel,apple,aß,hat,Der Mann,Der Mann hat,Der Mann hat den Apfel
Die Frau hat den Apfel gegessen,The woman ate the apple,3430,7.99,314787,gegessen,den,eaten,ate,Apfel,apple,aß,hat,Die Frau,Die Frau hat,Die Frau hat den Apfel
Ich habe den Apfel geschält,I peeled the apple,1959,9.58,314787,geschält,den,peeled,peeled,Apfel,apple,schälte,habe,Ich,Ich habe,Ich habe den Apfel
Er hat den Apfel geschält,He peeled the apple,1959,9.58,314787,geschält,den,peeled,peeled,Apfel,apple,schälte,hat,Er,Er hat,Er hat den Apfel
Der Mann hat den Apfel geschält,The man peeled the apple,1959,9.58,314787,geschält,den,peeled,peeled,Apfel,apple,schälte,hat,Der Mann,Der Mann hat,Der Mann hat den Apfel
Die Frau hat den Apfel geschält,The woman peeled the apple,1959,9.58,314787,geschält,den,peeled,peeled,Apfel,apple,schälte,hat,Die Frau,Die Frau hat,Die Frau hat den Apfel
Ich habe den Apfel geschnitten,I cut the apple,1212,6.73,314787,geschnitten,den,cut,cut,Apfel,apple,schnitt,habe,Ich,Ich habe,Ich habe den Apfel
Er hat den Apfel geschnitten,He cut the apple,1212,6.73,314787,geschnitten,den,cut,cut,Apfel,apple,schnitt,hat,Er,Er hat,Er hat den Apfel
Der Mann hat den Apfel geschnitten,The man cut the apple,1212,6.73,314787,geschnitten,den,cut,cut,Apfel,apple,schnitt,hat,Der Mann,Der Mann hat,Der Mann hat den Apfel
Die Frau hat den Apfel geschnitten,The woman cut the apple,1212,6.73,314787,geschnitten,den,cut,cut,Apfel,apple,schnitt,hat,Die Frau,Die Frau hat,Die Frau hat den Apfel
Ich habe den Apfel genommen,I took the apple,1150,2.72,314787,genommen,den,taken,took,Apfel,apple,nahm,habe,Ich,Ich habe,Ich habe den Apfel
Er hat den Apfel genommen,He took the apple,1150,2.72,314787,genommen,den,taken,took,Apfel,apple,nahm,hat,Er,Er hat,Er hat den Apfel
Der Mann hat den Apfel genommen,The man took the apple,1150,2.72,314787,genommen,den,taken,took,Apfel,apple,nahm,hat,Der Mann,Der Mann hat,Der Mann hat den Apfel
Die Frau hat den Apfel genommen,The woman took the apple,1150,2.72,314787,genommen,den,taken,took,Apfel,apple,nahm,hat,Die Frau,Die Frau hat,Die Frau hat den Apfel
Ich habe den Apfel gewaschen,I washed the apple,797,7.05,314787,gewaschen,den,washed,washed,Apfel,apple,wusch,habe,Ich,Ich habe,Ich habe den Apfel
Er hat den Apfel gewaschen,He washed the apple,797,7.05,314787,gewaschen,den,washed,washed,Apfel,apple,wusch,hat,Er,Er hat,Er hat den Apfel
Der Mann hat den Apfel gewaschen,The man washed the apple,797,7.05,314787,gewaschen,den,washed,washed,Apfel,apple,wusch,hat,Der Mann,Der Mann hat,Der Mann hat den Apfel
Die Frau hat den Apfel gewaschen,The woman washed the apple,797,7.05,314787,gewaschen,den,washed,washed,Apfel,apple,wusch,hat,Die Frau,Die Frau hat,Die Frau hat den Apfel
Ich habe den Apfel gefunden,I found the apple,410,0.49,314787,gefunden,den,found,found,Apfel,apple,fand,habe,Ich,Ich habe,Ich habe den Apfel
Er hat den Apfel gefunden,He found the apple,410,0.49,314787,gefunden,den,found,found,Apfel,apple,fand,hat,Er,Er hat,Er hat den Apfel
Der Mann hat den Apfel gefunden,The man found the apple,410,0.49,314787,gefunden,den,found,found,Apfel,apple,fand,hat,Der Mann,Der Mann hat,Der Mann hat den Apfel
Die Frau hat den Apfel gefunden,The woman found the apple,410,0.49,314787,gefunden,den,found,found,Apfel,apple,fand,hat,Die Frau,Die Frau hat,Die Frau hat den Apfel
Ich habe den Apfel gerieben,I rubbed the apple,395,6.99,314787,gerieben,den,rubbed,rubbed,Apfel,apple,rieb,habe,Ich,Ich habe,Ich habe den Apfel
Er hat den Apfel gerieben,He rubbed the apple,395,6.99,314787,gerieben,den,rubbed,rubbed,Apfel,apple,rieb,hat,Er,Er hat,Er hat den Apfel
Der Mann hat den Apfel gerieben,The man rubbed the apple,395,6.99,314787,gerieben,den,rubbed,rubbed,Apfel,apple,rieb,hat,Der Mann,Der Mann hat,Der Mann hat den Apfel
Die Frau hat den Apfel gerieben,The woman rubbed the apple,395,6.99,314787,gerieben,den,rubbed,rubbed,Apfel,apple,rieb,hat,Die Frau,Die Frau hat,Die Frau hat den Apfel
Ich habe den Apfel gehalten,I held the apple,358,1.91,314787,gehalten,den,held,held,Apfel,apple,hielt,habe,Ich,Ich habe,Ich habe den Apfel
Er hat den Apfel gehalten,He held the apple,358,1.91,314787,gehalten,den,held,held,Apfel,apple,hielt,hat,Er,Er hat,Er hat den Apfel
Der Mann hat den Apfel gehalten,The man held the apple,358,1.91,314787,gehalten,den,held,held,Apfel,apple,hielt,hat,Der Mann,Der Mann hat,Der Mann hat den Apfel
Die Frau hat den Apfel gehalten,The woman held the apple,358,1.91,314787,gehalten,den,held,held,Apfel,apple,hielt,hat,Die Frau,Die Frau hat,Die Frau hat den Apfel
Ich habe den Apfel gesehen,I saw the apple,355,1.42,314787,gesehen,den,seen,saw,Apfel,apple,sah,habe,Ich,Ich habe,Ich habe den Apfel
Er hat den Apfel gesehen,He saw the apple,355,1.42,314787,gesehen,den,seen,saw,Apfel,apple,sah,hat,Er,Er hat,Er hat den Apfel
Der Mann hat den Apfel gesehen,The man saw the apple,355,1.42,314787,gesehen,den,seen,saw,Apfel,apple,sah,hat,Der Mann,Der Mann hat,Der Mann hat den Apfel
Die Frau hat den Apfel gesehen,The woman saw the apple,355,1.42,314787,gesehen,den,seen,saw,Apfel,apple,sah,hat,Die Frau,Die Frau hat,Die Frau hat den Apfel
Ich habe den Apfel entkernt,I cored the apple,289,7.61,314787,entkernt,den,cored,cored,Apfel,apple,entkernte,habe,Ich,Ich habe,Ich habe den Apfel
Er hat den Apfel entkernt,He cored the apple,289,7.61,314787,entkernt,den,cored,cored,Apfel,apple,entkernte,hat,Er,Er hat,Er hat den Apfel
Der Mann hat den Apfel entkernt,The man cored the apple,289,7.61,314787,entkernt,den,cored,cored,Apfel,apple,entkernte,hat,Der Mann,Der Mann hat,Der Mann hat den Apfel
Die Frau hat den Apfel entkernt,The woman cored the apple,289,7.61,314787,entkernt,den,cored,cored,Apfel,apple,entkernte,hat,Die Frau,Die Frau hat,Die Frau hat den Apfel
Ich habe den Apfel geschenkt,I gifted the apple,226,3.97,314787,geschenkt,den,gifted,gifted,Apfel,apple,schenkte,habe,Ich,Ich habe,Ich habe den Apfel
Er hat den Apfel geschenkt,He gifted the apple,226,3.97,314787,geschenkt,den,gifted,gifted,Apfel,apple,schenkte,hat,Er,Er hat,Er hat den Apfel
Der Mann hat den Apfel geschenkt,The man gifted the apple,226,3.97,314787,geschenkt,den,gifted,gifted,Apfel,apple,schenkte,hat,Der Mann,Der Mann hat,Der Mann hat den Apfel
Die Frau hat den Apfel geschenkt,The woman gifted the apple,226,3.97,314787,geschenkt,den,gifted,gifted,Apfel,apple,schenkte,hat,Die Frau,Die Frau hat,Die Frau hat den Apfel
Ich habe den Apfel geviertelt,I quartered the apple,193,7.03,314787,geviertelt,den,quartered,quartered,Apfel,apple,viertelte,habe,Ich,Ich habe,Ich habe den Apfel
Er hat den Apfel geviertelt,He quartered the apple,193,7.03,314787,geviertelt,den,quartered,quartered,Apfel,apple,viertelte,hat,Er,Er hat,Er hat den Apfel
Der Mann hat den Apfel geviertelt,The man quartered the apple,193,7.03,314787,geviertelt,den,quartered,quartered,Apfel,apple,viertelte,hat,Der Mann,Der Mann hat,Der Mann hat den Apfel
Die Frau hat den Apfel geviertelt,The woman quartered the apple,193,7.03,314787,geviertelt,den,quartered,quartered,Apfel,apple,viertelte,hat,Die Frau,Die Frau hat,Die Frau hat den Apfel
Ich habe den Apfel gestohlen,I stole the apple,187,5.57,314787,gestohlen,den,stolen,stole,Apfel,apple,stahl,habe,Ich,Ich habe,Ich habe den Apfel
Er hat den Apfel gestohlen,He stole the apple,187,5.57,314787,gestohlen,den,stolen,stole,Apfel,apple,stahl,hat,Er,Er hat,Er hat den Apfel
Der Mann hat den Apfel gestohlen,The man stole the apple,187,5.57,314787,gestohlen,den,stolen,stole,Apfel,apple,stahl,hat,Der Mann,Der Mann hat,Der Mann hat den Apfel
Die Frau hat den Apfel gestohlen,The woman stole the apple,187,5.57,314787,gestohlen,den,stolen,stole,Apfel,apple,stahl,hat,Die Frau,Die Frau hat,Die Frau hat den Apfel
Ich habe den Apfel erhalten,I received the apple,175,0.24,314787,erhalten,den,received,received,Apfel,apple,erhielt,habe,Ich,Ich habe,Ich habe den Apfel
Er hat den Apfel erhalten,He received the apple,175,0.24,314787,erhalten,den,received,received,Apfel,apple,erhielt,hat,Er,Er hat,Er hat den Apfel
Der Mann hat den Apfel erhalten,The man received the apple,175,0.24,314787,erhalten,den,received,received,Apfel,apple,erhielt,hat,Der Mann,Der Mann hat,Der Mann hat den Apfel
Die Frau hat den Apfel erhalten,The woman received the apple,175,0.24,314787,erhalten,den,received,received,Apfel,apple,erhielt,hat,Die Frau,Die Frau hat,Die Frau hat den Apfel
Ich habe den Apfel geraspelt,I grated the apple,157,6.74,314787,geraspelt,den,grated,grated,Apfel,apple,raspelte,habe,Ich,Ich habe,Ich habe den Apfel
Er hat den Apfel geraspelt,He grated the apple,157,6.74,314787,geraspelt,den,grated,grated,Apfel,apple,raspelte,hat,Er,Er hat,Er hat den Apfel
Der Mann hat den Apfel geraspelt,The man grated the apple,157,6.74,314787,geraspelt,den,grated,grated,Apfel,apple,raspelte,hat,Der Mann,Der Mann hat,Der Mann hat den Apfel
Die Frau hat den Apfel geraspelt,The woman grated the apple,157,6.74,314787,geraspelt,den,grated,grated,Apfel,apple,raspelte,hat,Die Frau,Die Frau hat,Die Frau hat den Apfel
Ich habe den Apfel geklaut,I stole the apple,155,5.97,314787,geklaut,den,stolen,stole,Apfel,apple,klaute,habe,Ich,Ich habe,Ich habe den Apfel
Er hat den Apfel geklaut,He stole the apple,155,5.97,314787,geklaut,den,stolen,stole,Apfel,apple,klaute,hat,Er,Er hat,Er hat den Apfel
Der Mann hat den Apfel geklaut,The man stole the apple,155,5.97,314787,geklaut,den,stolen,stole,Apfel,apple,klaute,hat,Der Mann,Der Mann hat,Der Mann hat den Apfel
Die Frau hat den Apfel geklaut,The woman stole the apple,155,5.97,314787,geklaut,den,stolen,stole,Apfel,apple,klaute,hat,Die Frau,Die Frau hat,Die Frau hat den Apfel
Ich habe den Apfel genossen,I enjoyed the apple,137,1.7,314787,genossen,den,enjoyed,enjoyed,Apfel,apple,genoss,habe,Ich,Ich habe,Ich habe den Apfel
Er hat den Apfel genossen,He enjoyed the apple,137,1.7,314787,genossen,den,enjoyed,enjoyed,Apfel,apple,genoss,hat,Er,Er hat,Er hat den Apfel
Der Mann hat den Apfel genossen,The man enjoyed the apple,137,1.7,314787,genossen,den,enjoyed,enjoyed,Apfel,apple,genoss,hat,Der Mann,Der Mann hat,Der Mann hat den Apfel
Die Frau hat den Apfel genossen,The woman enjoyed the apple,137,1.7,314787,genossen,den,enjoyed,enjoyed,Apfel,apple,genoss,hat,Die Frau,Die Frau hat,Die Frau hat den Apfel
Ich habe den Apfel gezeigt,I showed the apple,135,0.49,314787,gezeigt,den,shown,showed,Apfel,apple,zeigte,habe,Ich,Ich habe,Ich habe den Apfel
Er hat den Apfel gezeigt,He showed the apple,135,0.49,314787,gezeigt,den,shown,showed,Apfel,apple,zeigte,hat,Er,Er hat,Er hat den Apfel
Der Mann hat den Apfel gezeigt,The man showed the apple,135,0.49,314787,gezeigt,den,shown,showed,Apfel,apple,zeigte,hat,Der Mann,Der Mann hat,Der Mann hat den Apfel
Die Frau hat den Apfel gezeigt,The woman showed the apple,135,0.49,314787,gezeigt,den,shown,showed,Apfel,apple,zeigte,hat,Die Frau,Die Frau hat,Die Frau hat den Apfel
Ich habe den Apfel geteilt,I shared the apple,133,2.55,314787,geteilt,den,shared,shared,Apfel,apple,teilte,habe,Ich,Ich habe,Ich habe den Apfel
Er hat den Apfel geteilt,He shared the apple,133,2.55,314787,geteilt,den,shared,shared,Apfel,apple,teilte,hat,Er,Er hat,Er hat den Apfel
Der Mann hat den Apfel geteilt,The man shared the apple,133,2.55,314787,geteilt,den,shared,shared,Apfel,apple,teilte,hat,Der Mann,Der Mann hat,Der Mann hat den Apfel
Die Frau hat den Apfel geteilt,The woman shared the apple,133,2.55,314787,geteilt,den,shared,shared,Apfel,apple,teilte,hat,Die Frau,Die Frau hat,Die Frau hat den Apfel
Ich habe den Apfel halbiert,I halved the apple,127,5.86,314787,halbiert,den,halved,halved,Apfel,apple,halbierte,habe,Ich,Ich habe,Ich habe den Apfel
Er hat den Apfel halbiert,He halved the apple,127,5.86,314787,halbiert,den,halved,halved,Apfel,apple,halbierte,hat,Er,Er hat,Er hat den Apfel
Der Mann hat den Apfel halbiert,The man halved the apple,127,5.86,314787,halbiert,den,halved,halved,Apfel,apple,halbierte,hat,Der Mann,Der Mann hat,Der Mann hat den Apfel
Die Frau hat den Apfel halbiert,The woman halved the apple,127,5.86,314787,halbiert,den,halved,halved,Apfel,apple,halbierte,hat,Die Frau,Die Frau hat,Die Frau hat den Apfel
Ich habe den Apfel angeboten,I offered the apple,127,1.84,314787,angeboten,den,offered,offered,Apfel,apple,bot an,habe,Ich,Ich habe,Ich habe den Apfel
Er hat den Apfel angeboten,He offered the apple,127,1.84,314787,angeboten,den,offered,offered,Apfel,apple,bot an,hat,Er,Er hat,Er hat den Apfel
Der Mann hat den Apfel angeboten,The man offered the apple,127,1.84,314787,angeboten,den,offered,offered,Apfel,apple,bot an,hat,Der Mann,Der Mann hat,Der Mann hat den Apfel
Die Frau hat den Apfel angeboten,The woman offered the apple,127,1.84,314787,angeboten,den,offered,offered,Apfel,apple,bot an,hat,Die Frau,Die Frau hat,Die Frau hat den Apfel
Ich habe den Apfel gewürfelt,I diced the apple,124,6.05,314787,gewürfelt,den,diced,diced,Apfel,apple,würfelte,habe,Ich,Ich habe,Ich habe den Apfel
Er hat den Apfel gewürfelt,He diced the apple,124,6.05,314787,gewürfelt,den,diced,diced,Apfel,apple,würfelte,hat,Er,Er hat,Er hat den Apfel
Der Mann hat den Apfel gewürfelt,The man diced the apple,124,6.05,314787,gewürfelt,den,diced,diced,Apfel,apple,würfelte,hat,Der Mann,Der Mann hat,Der Mann hat den Apfel
Die Frau hat den Apfel gewürfelt,The woman diced the apple,124,6.05,314787,gewürfelt,den,diced,diced,Apfel,apple,würfelte,hat,Die Frau,Die Frau hat,Die Frau hat den Apfel
Ich habe den Apfel verspeist,I consumed the apple,101,5.89,314787,verspeist,den,consumed,consumed,Apfel,apple,verspeiste,habe,Ich,Ich habe,Ich habe den Apfel
Er hat den Apfel verspeist,He consumed the apple,101,5.89,314787,verspeist,den,consumed,consumed,Apfel,apple,verspeiste,hat,Er,Er hat,Er hat den Apfel
Der Mann hat den Apfel verspeist,The man consumed the apple,101,5.89,314787,verspeist,den,consumed,consumed,Apfel,apple,verspeiste,hat,Der Mann,Der Mann hat,Der Mann hat den Apfel
Die Frau hat den Apfel verspeist,The woman consumed the apple,101,5.89,314787,verspeist,den,consumed,consumed,Apfel,apple,verspeiste,hat,Die Frau,Die Frau hat,Die Frau hat den Apfel
Ich habe den Apfel gedrückt,I pressed the apple,94,2.43,314787,gedrückt,den,pressed,pressed,Apfel,apple,drückte,habe,Ich,Ich habe,Ich habe den Apfel
Er hat den Apfel gedrückt,He pressed the apple,94,2.43,314787,gedrückt,den,pressed,pressed,Apfel,apple,drückte,hat,Er,Er hat,Er hat den Apfel
Der Mann hat den Apfel gedrückt,The man pressed the apple,94,2.43,314787,gedrückt,den,pressed,pressed,Apfel,apple,drückte,hat,Der Mann,Der Mann hat,Der Mann hat den Apfel
Die Frau hat den Apfel gedrückt,The woman pressed the apple,94,2.43,314787,gedrückt,den,pressed,pressed,Apfel,apple,drückte,hat,Die Frau,Die Frau hat,Die Frau hat den Apfel
Ich habe den Apfel verzehrt,I consumed the apple,92,5.38,314787,verzehrt,den,consumed,consumed,Apfel,apple,verzehrte,habe,Ich,Ich habe,Ich habe den Apfel
Er hat den Apfel verzehrt,He consumed the apple,92,5.38,314787,verzehrt,den,consumed,consumed,Apfel,apple,verzehrte,hat,Er,Er hat,Er hat den Apfel
Der Mann hat den Apfel verzehrt,The man consumed the apple,92,5.38,314787,verzehrt,den,consumed,consumed,Apfel,apple,verzehrte,hat,Der Mann,Der Mann hat,Der Mann hat den Apfel
Die Frau hat den Apfel verzehrt,The woman consumed the apple,92,5.38,314787,verzehrt,den,consumed,consumed,Apfel,apple,verzehrte,hat,Die Frau,Die Frau hat,Die Frau hat den Apfel
Ich habe den Apfel gekannt,I knew the apple,89,0.51,314787,gekannt,den,known,knew,Apfel,apple,kannte,habe,Ich,Ich habe,Ich habe den Apfel
Er hat den Apfel gekannt,He knew the apple,89,0.51,314787,gekannt,den,known,knew,Apfel,apple,kannte,hat,Er,Er hat,Er hat den Apfel
Der Mann hat den Apfel gekannt,The man knew the apple,89,0.51,314787,gekannt,den,known,knew,Apfel,apple,kannte,hat,Der Mann,Der Mann hat,Der Mann hat den Apfel
Die Frau hat den Apfel gekannt,The woman knew the apple,89,0.51,314787,gekannt,den,known,knew,Apfel,apple,kannte,hat,Die Frau,Die Frau hat,Die Frau hat den Apfel
Ich habe den Apfel ersetzt,I replaced the apple,86,2.28,314787,ersetzt,den,replaced,replaced,Apfel,apple,ersetzte,habe,Ich,Ich habe,Ich habe den Apfel
Er hat den Apfel ersetzt,He replaced the apple,86,2.28,314787,ersetzt,den,replaced,replaced,Apfel,apple,ersetzte,hat,Er,Er hat,Er hat den Apfel
Der Mann hat den Apfel ersetzt,The man replaced the apple,86,2.28,314787,ersetzt,den,replaced,replaced,Apfel,apple,ersetzte,hat,Der Mann,Der Mann hat,Der Mann hat den Apfel
Die Frau hat den Apfel ersetzt,The woman replaced the apple,86,2.28,314787,ersetzt,den,replaced,replaced,Apfel,apple,ersetzte,hat,Die Frau,Die Frau hat,Die Frau hat den Apfel
Ich habe den Apfel mitgebracht,I brought the apple,80,3.1,314787,mitgebracht,den,brought,brought,Apfel,apple,brachte mit,habe,Ich,Ich habe,Ich habe den Apfel
Er hat den Apfel mitgebracht,He brought the apple,80,3.1,314787,mitgebracht,den,brought,brought,Apfel,apple,brachte mit,hat,Er,Er hat,Er hat den Apfel
Der Mann hat den Apfel mitgebracht,The man brought the apple,80,3.1,314787,mitgebracht,den,brought,brought,Apfel,apple,brachte mit,hat,Der Mann,Der Mann hat,Der Mann hat den Apfel
Die Frau hat den Apfel mitgebracht,The woman brought the apple,80,3.1,314787,mitgebracht,den,brought,brought,Apfel,apple,brachte mit,hat,Die Frau,Die Frau hat,Die Frau hat den Apfel
Ich habe den Apfel dazugegeben,I added the apple,75,4.88,314787,dazugegeben,den,added,added,Apfel,apple,gab dazu,habe,Ich,Ich habe,Ich habe den Apfel
Er hat den Apfel dazugegeben,He added the apple,75,4.88,314787,dazugegeben,den,added,added,Apfel,apple,gab dazu,hat,Er,Er hat,Er hat den Apfel
Der Mann hat den Apfel dazugegeben,The man added the apple,75,4.88,314787,dazugegeben,den,added,added,Apfel,apple,gab dazu,hat,Der Mann,Der Mann hat,Der Mann hat den Apfel
Die Frau hat den Apfel dazugegeben,The woman added the apple,75,4.88,314787,dazugegeben,den,added,added,Apfel,apple,gab dazu,hat,Die Frau,Die Frau hat,Die Frau hat den Apfel
Ich habe den Apfel gedreht,I turned the apple,73,2.34,314787,gedreht,den,turned,turned,Apfel,apple,drehte,habe,Ich,Ich habe,Ich habe den Apfel
Er hat den Apfel gedreht,He turned the apple,73,2.34,314787,gedreht,den,turned,turned,Apfel,apple,drehte,hat,Er,Er hat,Er hat den Apfel
Der Mann hat den Apfel gedreht,The man turned the apple,73,2.34,314787,gedreht,den,turned,turned,Apfel,apple,drehte,hat,Der Mann,Der Mann hat,Der Mann hat den Apfel
Die Frau hat den Apfel gedreht,The woman turned the apple,73,2.34,314787,gedreht,den,turned,turned,Apfel,apple,drehte,hat,Die Frau,Die Frau hat,Die Frau hat den Apfel
Ich habe den Apfel entdeckt,I discovered the apple,72,1.18,314787,entdeckt,den,discovered,discovered,Apfel,apple,entdeckte,habe,Ich,Ich habe,Ich habe den Apfel
Er hat den Apfel entdeckt,He discovered the apple,72,1.18,314787,entdeckt,den,discovered,discovered,Apfel,apple,entdeckte,hat,Er,Er hat,Er hat den Apfel
Der Mann hat den Apfel entdeckt,The man discovered the apple,72,1.18,314787,entdeckt,den,discovered,discovered,Apfel,apple,entdeckte,hat,Der Mann,Der Mann hat,Der Mann hat den Apfel
Die Frau hat den Apfel entdeckt,The woman discovered the apple,72,1.18,314787,entdeckt,den,discovered,discovered,Apfel,apple,entdeckte,hat,Die Frau,Die Frau hat,Die Frau hat den Apfel
Ich habe den Apfel genannt,I named the apple,58,0.85,314787,genannt,den,named,named,Apfel,apple,nannte,habe,Ich,Ich habe,Ich habe den Apfel
Er hat den Apfel genannt,He named the apple,58,0.85,314787,genannt,den,named,named,Apfel,apple,nannte,hat,Er,Er hat,Er hat den Apfel
Der Mann hat den Apfel genannt,The man named the apple,58,0.85,314787,genannt,den,named,named,Apfel,apple,nannte,hat,Der Mann,Der Mann hat,Der Mann hat den Apfel
Die Frau hat den Apfel genannt,The woman named the apple,58,0.85,314787,genannt,den,named,named,Apfel,apple,nannte,hat,Die Frau,Die Frau hat,Die Frau hat den Apfel
Ich habe den Apfel gewählt,I chose the apple,58,0.68,314787,gewählt,den,chosen,chose,Apfel,apple,wählte,habe,Ich,Ich habe,Ich habe den Apfel
Er hat den Apfel gewählt,He chose the apple,58,0.68,314787,gewählt,den,chosen,chose,Apfel,apple,wählte,hat,Er,Er hat,Er hat den Apfel
Der Mann hat den Apfel gewählt,The man chose the apple,58,0.68,314787,gewählt,den,chosen,chose,Apfel,apple,wählte,hat,Der Mann,Der Mann hat,Der Mann hat den Apfel
Die Frau hat den Apfel gewählt,The woman chose the apple,58,0.68,314787,gewählt,den,chosen,chose,Apfel,apple,wählte,hat,Die Frau,Die Frau hat,Die Frau hat den Apfel
Ich habe den Apfel erkannt,I recognised the apple,58,0.67,314787,erkannt,den,recognised,recognised,Apfel,apple,erkannte,habe,Ich,Ich habe,Ich habe den Apfel
Er hat den Apfel erkannt,He recognised the apple,58,0.67,314787,erkannt,den,recognised,recognised,Apfel,apple,erkannte,hat,Er,Er hat,Er hat den Apfel
Der Mann hat den Apfel erkannt,The man recognised the apple,58,0.67,314787,erkannt,den,recognised,recognised,Apfel,apple,erkannte,hat,Der Mann,Der Mann hat,Der Mann hat den Apfel
Die Frau hat den Apfel erkannt,The woman recognised the apple,58,0.67,314787,erkannt,den,recognised,recognised,Apfel,apple,erkannte,hat,Die Frau,Die Frau hat,Die Frau hat den Apfel
Ich habe den Apfel gemalt,I painted the apple,57,3.41,314787,gemalt,den,painted,painted,Apfel,apple,malte,habe,Ich,Ich habe,Ich habe den Apfel
Er hat den Apfel gemalt,He painted the apple,57,3.41,314787,gemalt,den,painted,painted,Apfel,apple,malte,hat,Er,Er hat,Er hat den Apfel
Der Mann hat den Apfel gemalt,The man painted the apple,57,3.41,314787,gemalt,den,painted,painted,Apfel,apple,malte,hat,Der Mann,Der Mann hat,Der Mann hat den Apfel
Die Frau hat den Apfel gemalt,The woman painted the apple,57,3.41,314787,gemalt,den,painted,painted,Apfel,apple,malte,hat,Die Frau,Die Frau hat,Die Frau hat den Apfel
Ich habe die Milch gegeben,I gave the milk,8517,3.69,424301,gegeben,die,given,gave,Milch,milk,gab,habe,Ich,Ich habe,Ich habe die Milch
Er hat die Milch gegeben,He gave the milk,8517,3.69,424301,gegeben,die,given,gave,Milch,milk,gab,hat,Er,Er hat,Er hat die Milch
Der Mann hat die Milch gegeben,The man gave the milk,8517,3.69,424301,gegeben,die,given,gave,Milch,milk,gab,hat,Der Mann,Der Mann hat,Der Mann hat die Milch
Die Frau hat die Milch gegeben,The woman gave the milk,8517,3.69,424301,gegeben,die,given,gave,Milch,milk,gab,hat,Die Frau,Die Frau hat,Die Frau hat die Milch
Ich habe die Milch getrunken,I drank the milk,5708,8.75,424301,getrunken,die,drunk,drank,Milch,milk,trank,habe,Ich,Ich habe,Ich habe die Milch
Er hat die Milch getrunken,He drank the milk,5708,8.75,424301,getrunken,die,drunk,drank,Milch,milk,trank,hat,Er,Er hat,Er hat die Milch
Der Mann hat die Milch getrunken,The man drank the milk,5708,8.75,424301,getrunken,die,drunk,drank,Milch,milk,trank,hat,Der Mann,Der Mann hat,Der Mann hat die Milch
Die Frau hat die Milch getrunken,The woman drank the milk,5708,8.75,424301,getrunken,die,drunk,drank,Milch,milk,trank,hat,Die Frau,Die Frau hat,Die Frau hat die Milch
Ich habe die Milch produziert,I produced the milk,1890,6.98,424301,produziert,die,produced,produced,Milch,milk,produzierte,habe,Ich,Ich habe,Ich habe die Milch
Er hat die Milch produziert,He produced the milk,1890,6.98,424301,produziert,die,produced,produced,Milch,milk,produzierte,hat,Er,Er hat,Er hat die Milch
Der Mann hat die Milch produziert,The man produced the milk,1890,6.98,424301,produziert,die,produced,produced,Milch,milk,produzierte,hat,Der Mann,Der Mann hat,Der Mann hat die Milch
Die Frau hat die Milch produziert,The woman produced the milk,1890,6.98,424301,produziert,die,produced,produced,Milch,milk,produzierte,hat,Die Frau,Die Frau hat,Die Frau hat die Milch
Ich habe die Milch bekommen,I got the milk,1542,3.49,424301,bekommen,die,got,got,Milch,milk,bekam,habe,Ich,Ich habe,Ich habe die Milch
Er hat die Milch bekommen,He got the milk,1542,3.49,424301,bekommen,die,got,got,Milch,milk,bekam,hat,Er,Er hat,Er hat die Milch
Der Mann hat die Milch bekommen,The man got the milk,1542,3.49,424301,bekommen,die,got,got,Milch,milk,bekam,hat,Der Mann,Der Mann hat,Der Mann hat die Milch
Die Frau hat die Milch bekommen,The woman got the milk,1542,3.49,424301,bekommen,die,got,got,Milch,milk,bekam,hat,Die Frau,Die Frau hat,Die Frau hat die Milch
Ich habe die Milch genommen,I took the milk,1419,3.02,424301,genommen,die,taken,took,Milch,milk,nahm,habe,Ich,Ich habe,Ich habe die Milch
Er hat die Milch genommen,He took the milk,1419,3.02,424301,genommen,die,taken,took,Milch,milk,nahm,hat,Er,Er hat,Er hat die Milch
Der Mann hat die Milch genommen,The man took the milk,1419,3.02,424301,genommen,die,taken,took,Milch,milk,nahm,hat,Der Mann,Der Mann hat,Der Mann hat die Milch
Die Frau hat die Milch genommen,The woman took the milk,1419,3.02,424301,genommen,die,taken,took,Milch,milk,nahm,hat,Die Frau,Die Frau hat,Die Frau hat die Milch
Ich habe die Milch gekauft,I bought the milk,1213,4.54,424301,gekauft,die,bought,bought,Milch,milk,kaufte,habe,Ich,Ich habe,Ich habe die Milch
Er hat die Milch gekauft,He bought the milk,1213,4.54,424301,gekauft,die,bought,bought,Milch,milk,kaufte,hat,Er,Er hat,Er hat die Milch
Der Mann hat die Milch gekauft,The man bought the milk,1213,4.54,424301,gekauft,die,bought,bought,Milch,milk,kaufte,hat,Der Mann,Der Mann hat,Der Mann hat die Milch
Die Frau hat die Milch gekauft,The woman bought the milk,1213,4.54,424301,gekauft,die,bought,bought,Milch,milk,kaufte,hat,Die Frau,Die Frau hat,Die Frau hat die Milch
Ich habe die Milch geliefert,I delivered the milk,1200,4.98,424301,geliefert,die,delivered,delivered,Milch,milk,lieferte,habe,Ich,Ich habe,Ich habe die Milch
Er hat die Milch geliefert,He delivered the milk,1200,4.98,424301,geliefert,die,delivered,delivered,Milch,milk,lieferte,hat,Er,Er hat,Er hat die Milch
Der Mann hat die Milch geliefert,The man delivered the milk,1200,4.98,424301,geliefert,die,delivered,delivered,Milch,milk,lieferte,hat,Der Mann,Der Mann hat,Der Mann hat die Milch
Die Frau hat die Milch geliefert,The woman delivered the milk,1200,4.98,424301,geliefert,die,delivered,delivered,Milch,milk,lieferte,hat,Die Frau,Die Frau hat,Die Frau hat die Milch
Ich habe die Milch verwendet,I utilised the milk,1003,4.15,424301,verwendet,die,utilised,utilised,Milch,milk,verwendete,habe,Ich,Ich habe,Ich habe die Milch
Er hat die Milch verwendet,He utilised the milk,1003,4.15,424301,verwendet,die,utilised,utilised,Milch,milk,verwendete,hat,Er,Er hat,Er hat die Milch
Der Mann hat die Milch verwendet,The man utilised the milk,1003,4.15,424301,verwendet,die,utilised,utilised,Milch,milk,verwendete,hat,Der Mann,Der Mann hat,Der Mann hat die Milch
Die Frau hat die Milch verwendet,The woman utilised the milk,1003,4.15,424301,verwendet,die,utilised,utilised,Milch,milk,verwendete,hat,Die Frau,Die Frau hat,Die Frau hat die Milch
Ich habe die Milch verwandt,I utilised the milk,1003,4.15,424301,verwandt,die,utilised,utilised,Milch,milk,verwandte,habe,Ich,Ich habe,Ich habe die Milch
Er hat die Milch verwandt,He utilised the milk,1003,4.15,424301,verwandt,die,utilised,utilised,Milch,milk,verwandte,hat,Er,Er hat,Er hat die Milch
Der Mann hat die Milch verwandt,The man utilised the milk,1003,4.15,424301,verwandt,die,utilised,utilised,Milch,milk,verwandte,hat,Der Mann,Der Mann hat,Der Mann hat die Milch
Die Frau hat die Milch verwandt,The woman utilised the milk,1003,4.15,424301,verwandt,die,utilised,utilised,Milch,milk,verwandte,hat,Die Frau,Die Frau hat,Die Frau hat die Milch
Ich habe die Milch gebracht,I brought the milk,903,2.52,424301,gebracht,die,brought,brought,Milch,milk,brachte,habe,Ich,Ich habe,Ich habe die Milch
Er hat die Milch gebracht,He brought the milk,903,2.52,424301,gebracht,die,brought,brought,Milch,milk,brachte,hat,Er,Er hat,Er hat die Milch
Der Mann hat die Milch gebracht,The man brought the milk,903,2.52,424301,gebracht,die,brought,brought,Milch,milk,brachte,hat,Der Mann,Der Mann hat,Der Mann hat die Milch
Die Frau hat die Milch gebracht,The woman brought the milk,903,2.52,424301,gebracht,die,brought,brought,Milch,milk,brachte,hat,Die Frau,Die Frau hat,Die Frau hat die Milch
Ich habe die Milch gebraucht,I needed the milk,827,3.15,424301,gebraucht,die,needed,needed,Milch,milk,brauchte,habe,Ich,Ich habe,Ich habe die Milch
Er hat die Milch gebraucht,He needed the milk,827,3.15,424301,gebraucht,die,needed,needed,Milch,milk,brauchte,hat,Er,Er hat,Er hat die Milch
Der Mann hat die Milch gebraucht,The man needed the milk,827,3.15,424301,gebraucht,die,needed,needed,Milch,milk,brauchte,hat,Der Mann,Der Mann hat,Der Mann hat die Milch
Die Frau hat die Milch gebraucht,The woman needed the milk,827,3.15,424301,gebraucht,die,needed,needed,Milch,milk,brauchte,hat,Die Frau,Die Frau hat,Die Frau hat die Milch
Ich habe die Milch geholt,I took the milk,810,4.74,424301,geholt,die,taken,took,Milch,milk,holte,habe,Ich,Ich habe,Ich habe die Milch
Er hat die Milch geholt,He took the milk,810,4.74,424301,geholt,die,taken,took,Milch,milk,holte,hat,Er,Er hat,Er hat die Milch
Der Mann hat die Milch geholt,The man took the milk,810,4.74,424301,geholt,die,taken,took,Milch,milk,holte,hat,Der Mann,Der Mann hat,Der Mann hat die Milch
Die Frau hat die Milch geholt,The woman took the milk,810,4.74,424301,geholt,die,taken,took,Milch,milk,holte,hat,Die Frau,Die Frau hat,Die Frau hat die Milch
Ich habe die Milch gegossen,I poured the milk,803,7.27,424301,gegossen,die,poured,poured,Milch,milk,goss,habe,Ich,Ich habe,Ich habe die Milch
Er hat die Milch gegossen,He poured the milk,803,7.27,424301,gegossen,die,poured,poured,Milch,milk,goss,hat,Er,Er hat,Er hat die Milch
Der Mann hat die Milch gegossen,The man poured the milk,803,7.27,424301,gegossen,die,poured,poured,Milch,milk,goss,hat,Der Mann,Der Mann hat,Der Mann hat die Milch
Die Frau hat die Milch gegossen,The woman poured the milk,803,7.27,424301,gegossen,die,poured,poured,Milch,milk,goss,hat,Die Frau,Die Frau hat,Die Frau hat die Milch
Ich habe die Milch vertragen,I tolerated the milk,800,7.52,424301,vertragen,die,tolerated,tolerated,Milch,milk,vertrug,habe,Ich,Ich habe,Ich habe die Milch
Er hat die Milch vertragen,He tolerated the milk,800,7.52,424301,vertragen,die,tolerated,tolerated,Milch,milk,vertrug,hat,Er,Er hat,Er hat die Milch
Der Mann hat die Milch vertragen,The man tolerated the milk,800,7.52,424301,vertragen,die,tolerated,tolerated,Milch,milk,vertrug,hat,Der Mann,Der Mann hat,Der Mann hat die Milch
Die Frau hat die Milch vertragen,The woman tolerated the milk,800,7.52,424301,vertragen,die,tolerated,tolerated,Milch,milk,vertrug,hat,Die Frau,Die Frau hat,Die Frau hat die Milch
Ich habe die Milch zugegeben,I added the milk,769,7.71,424301,zugegeben,die,added,added,Milch,milk,gab zu,habe,Ich,Ich habe,Ich habe die Milch
Er hat die Milch zugegeben,He added the milk,769,7.71,424301,zugegeben,die,added,added,Milch,milk,gab zu,hat,Er,Er hat,Er hat die Milch
Der Mann hat die Milch zugegeben,The man added the milk,769,7.71,424301,zugegeben,die,added,added,Milch,milk,gab zu,hat,Der Mann,Der Mann hat,Der Mann hat die Milch
Die Frau hat die Milch zugegeben,The woman added the milk,769,7.71,424301,zugegeben,die,added,added,Milch,milk,gab zu,hat,Die Frau,Die Frau hat,Die Frau hat die Milch
Ich habe die Milch verarbeitet,I processed the milk,706,6.35,424301,verarbeitet,die,processed,processed,Milch,milk,verarbeitete,habe,Ich,Ich habe,Ich habe die Milch
Er hat die Milch verarbeitet,He processed the milk,706,6.35,424301,verarbeitet,die,processed,processed,Milch,milk,verarbeitete,hat,Er,Er hat,Er hat die Milch
Der Mann hat die Milch verarbeitet,The man processed the milk,706,6.35,424301,verarbeitet,die,processed,processed,Milch,milk,verarbeitete,hat,Der Mann,Der Mann hat,Der Mann hat die Milch
Die Frau hat die Milch verarbeitet,The woman processed the milk,706,6.35,424301,verarbeitet,die,processed,processed,Milch,milk,verarbeitete,hat,Die Frau,Die Frau hat,Die Frau hat die Milch
Ich habe die Milch gerührt,I stirred the milk,637,7.29,424301,gerührt,die,stirred,stirred,Milch,milk,rührte,habe,Ich,Ich habe,Ich habe die Milch
Er hat die Milch gerührt,He stirred the milk,637,7.29,424301,gerührt,die,stirred,stirred,Milch,milk,rührte,hat,Er,Er hat,Er hat die Milch
Der Mann hat die Milch gerührt,The man stirred the milk,637,7.29,424301,gerührt,die,stirred,stirred,Milch,milk,rührte,hat,Der Mann,Der Mann hat,Der Mann hat die Milch
Die Frau hat die Milch gerührt,The woman stirred the milk,637,7.29,424301,gerührt,die,stirred,stirred,Milch,milk,rührte,hat,Die Frau,Die Frau hat,Die Frau hat die Milch
Ich habe die Milch aufgekocht,I boiled the milk,636,7.95,424301,aufgekocht,die,boiled,boiled,Milch,milk,kochte auf,habe,Ich,Ich habe,Ich habe die Milch
Er hat die Milch aufgekocht,He boiled the milk,636,7.95,424301,aufgekocht,die,boiled,boiled,Milch,milk,kochte auf,hat,Er,Er hat,Er hat die Milch
Der Mann hat die Milch aufgekocht,The man boiled the milk,636,7.95,424301,aufgekocht,die,boiled,boiled,Milch,milk,kochte auf,hat,Der Mann,Der Mann hat,Der Mann hat die Milch
Die Frau hat die Milch aufgekocht,The woman boiled the milk,636,7.95,424301,aufgekocht,die,boiled,boiled,Milch,milk,kochte auf,hat,Die Frau,Die Frau hat,Die Frau hat die Milch
Ich habe die Milch dazugegeben,I added the milk,616,7.55,424301,dazugegeben,die,added,added,Milch,milk,gab dazu,habe,Ich,Ich habe,Ich habe die Milch
Er hat die Milch dazugegeben,He added the milk,616,7.55,424301,dazugegeben,die,added,added,Milch,milk,gab dazu,hat,Er,Er hat,Er hat die Milch
Der Mann hat die Milch dazugegeben,The man added the milk,616,7.55,424301,dazugegeben,die,added,added,Milch,milk,gab dazu,hat,Der Mann,Der Mann hat,Der Mann hat die Milch
Die Frau hat die Milch dazugegeben,The woman added the milk,616,7.55,424301,dazugegeben,die,added,added,Milch,milk,gab dazu,hat,Die Frau,Die Frau hat,Die Frau hat die Milch
Ich habe die Milch abgepumpt,I expressed the milk,605,8.08,424301,abgepumpt,die,expressed,expressed,Milch,milk,pumpte ab,habe,Ich,Ich habe,Ich habe die Milch
Er hat die Milch abgepumpt,He expressed the milk,605,8.08,424301,abgepumpt,die,expressed,expressed,Milch,milk,pumpte ab,hat,Er,Er hat,Er hat die Milch
Der Mann hat die Milch abgepumpt,The man expressed the milk,605,8.08,424301,abgepumpt,die,expressed,expressed,Milch,milk,pumpte ab,hat,Der Mann,Der Mann hat,Der Mann hat die Milch
Die Frau hat die Milch abgepumpt,The woman expressed the milk,605,8.08,424301,abgepumpt,die,expressed,expressed,Milch,milk,pumpte ab,hat,Die Frau,Die Frau hat,Die Frau hat die Milch
Ich habe die Milch verkauft,I sold the milk,594,4.63,424301,verkauft,die,sold,sold,Milch,milk,verkaufte,habe,Ich,Ich habe,Ich habe die Milch
Er hat die Milch verkauft,He sold the milk,594,4.63,424301,verkauft,die,sold,sold,Milch,milk,verkaufte,hat,Er,Er hat,Er hat die Milch
Der Mann hat die Milch verkauft,The man sold the milk,594,4.63,424301,verkauft,die,sold,sold,Milch,milk,verkaufte,hat,Der Mann,Der Mann hat,Der Mann hat die Milch
Die Frau hat die Milch verkauft,The woman sold the milk,594,4.63,424301,verkauft,die,sold,sold,Milch,milk,verkaufte,hat,Die Frau,Die Frau hat,Die Frau hat die Milch
Ich habe die Milch hinzugefügt,I added the milk,503,5.86,424301,hinzugefügt,die,added,added,Milch,milk,fügte hinzu,habe,Ich,Ich habe,Ich habe die Milch
Er hat die Milch hinzugefügt,He added the milk,503,5.86,424301,hinzugefügt,die,added,added,Milch,milk,fügte hinzu,hat,Er,Er hat,Er hat die Milch
Der Mann hat die Milch hinzugefügt,The man added the milk,503,5.86,424301,hinzugefügt,die,added,added,Milch,milk,fügte hinzu,hat,Der Mann,Der Mann hat,Der Mann hat die Milch
Die Frau hat die Milch hinzugefügt,The woman added the milk,503,5.86,424301,hinzugefügt,die,added,added,Milch,milk,fügte hinzu,hat,Die Frau,Die Frau hat,Die Frau hat die Milch
Ich habe die Milch aufgeschäumt,I frothed the milk,471,7.77,424301,aufgeschäumt,die,frothed,frothed,Milch,milk,schäumte auf,habe,Ich,Ich habe,Ich habe die Milch
Er hat die Milch aufgeschäumt,He frothed the milk,471,7.77,424301,aufgeschäumt,die,frothed,frothed,Milch,milk,schäumte auf,hat,Er,Er hat,Er hat die Milch
Der Mann hat die Milch aufgeschäumt,The man frothed the milk,471,7.77,424301,aufgeschäumt,die,frothed,frothed,Milch,milk,schäumte auf,hat,Der Mann,Der Mann hat,Der Mann hat die Milch
Die Frau hat die Milch aufgeschäumt,The woman frothed the milk,471,7.77,424301,aufgeschäumt,die,frothed,frothed,Milch,milk,schäumte auf,hat,Die Frau,Die Frau hat,Die Frau hat die Milch
Ich habe die Milch verrührt,I stirred the milk,456,7.38,424301,verrührt,die,stirred,stirred,Milch,milk,verrührte,habe,Ich,Ich habe,Ich habe die Milch
Er hat die Milch verrührt,He stirred the milk,456,7.38,424301,verrührt,die,stirred,stirred,Milch,milk,verrührte,hat,Er,Er hat,Er hat die Milch
Der Mann hat die Milch verrührt,The man stirred the milk,456,7.38,424301,verrührt,die,stirred,stirred,Milch,milk,verrührte,hat,Der Mann,Der Mann hat,Der Mann hat die Milch
Die Frau hat die Milch verrührt,The woman stirred the milk,456,7.38,424301,verrührt,die,stirred,stirred,Milch,milk,verrührte,hat,Die Frau,Die Frau hat,Die Frau hat die Milch
Ich habe die Milch ersetzt,I replaced the milk,425,4.52,424301,ersetzt,die,replaced,replaced,Milch,milk,ersetzte,habe,Ich,Ich habe,Ich habe die Milch
Er hat die Milch ersetzt,He replaced the milk,425,4.52,424301,ersetzt,die,replaced,replaced,Milch,milk,ersetzte,hat,Er,Er hat,Er hat die Milch
Der Mann hat die Milch ersetzt,The man replaced the milk,425,4.52,424301,ersetzt,die,replaced,replaced,Milch,milk,ersetzte,hat,Der Mann,Der Mann hat,Der Mann hat die Milch
Die Frau hat die Milch ersetzt,The woman replaced the milk,425,4.52,424301,ersetzt,die,replaced,replaced,Milch,milk,ersetzte,hat,Die Frau,Die Frau hat,Die Frau hat die Milch
Ich habe die Milch erhalten,I received the milk,407,1.45,424301,erhalten,die,received,received,Milch,milk,erhielt,habe,Ich,Ich habe,Ich habe die Milch
Er hat die Milch erhalten,He received the milk,407,1.45,424301,erhalten,die,received,received,Milch,milk,erhielt,hat,Er,Er hat,Er hat die Milch
Der Mann hat die Milch erhalten,The man received the milk,407,1.45,424301,erhalten,die,received,received,Milch,milk,erhielt,hat,Der Mann,Der Mann hat,Der Mann hat die Milch
Die Frau hat die Milch erhalten,The woman received the milk,407,1.45,424301,erhalten,die,received,received,Milch,milk,erhielt,hat,Die Frau,Die Frau hat,Die Frau hat die Milch
Ich habe die Milch gekocht,I cooked the milk,367,5.71,424301,gekocht,die,cooked,cooked,Milch,milk,kochte,habe,Ich,Ich habe,Ich habe die Milch
Er hat die Milch gekocht,He cooked the milk,367,5.71,424301,gekocht,die,cooked,cooked,Milch,milk,kochte,hat,Er,Er hat,Er hat die Milch
Der Mann hat die Milch gekocht,The man cooked the milk,367,5.71,424301,gekocht,die,cooked,cooked,Milch,milk,kochte,hat,Der Mann,Der Mann hat,Der Mann hat die Milch
Die Frau hat die Milch gekocht,The woman cooked the milk,367,5.71,424301,gekocht,die,cooked,cooked,Milch,milk,kochte,hat,Die Frau,Die Frau hat,Die Frau hat die Milch
Ich habe die Milch gemischt,I mixed the milk,320,5.9,424301,gemischt,die,mixed,mixed,Milch,milk,mischte,habe,Ich,Ich habe,Ich habe die Milch
Er hat die Milch gemischt,He mixed the milk,320,5.9,424301,gemischt,die,mixed,mixed,Milch,milk,mischte,hat,Er,Er hat,Er hat die Milch
Der Mann hat die Milch gemischt,The man mixed the milk,320,5.9,424301,gemischt,die,mixed,mixed,Milch,milk,mischte,hat,Der Mann,Der Mann hat,Der Mann hat die Milch
Die Frau hat die Milch gemischt,The woman mixed the milk,320,5.9,424301,gemischt,die,mixed,mixed,Milch,milk,mischte,hat,Die Frau,Die Frau hat,Die Frau hat die Milch
Ich habe die Milch erzeugt,I produced the milk,307,4.01,424301,erzeugt,die,produced,produced,Milch,milk,erzeugte,habe,Ich,Ich habe,Ich habe die Milch
Er hat die Milch erzeugt,He produced the milk,307,4.01,424301,erzeugt,die,produced,produced,Milch,milk,erzeugte,hat,Er,Er hat,Er hat die Milch
Der Mann hat die Milch erzeugt,The man produced the milk,307,4.01,424301,erzeugt,die,produced,produced,Milch,milk,erzeugte,hat,Der Mann,Der Mann hat,Der Mann hat die Milch
Die Frau hat die Milch erzeugt,The woman produced the milk,307,4.01,424301,erzeugt,die,produced,produced,Milch,milk,erzeugte,hat,Die Frau,Die Frau hat,Die Frau hat die Milch
Ich habe die Milch benötigt,I needed the milk,297,2.61,424301,benötigt,die,needed,needed,Milch,milk,benötigte,habe,Ich,Ich habe,Ich habe die Milch
Er hat die Milch benötigt,He needed the milk,297,2.61,424301,benötigt,die,needed,needed,Milch,milk,benötigte,hat,Er,Er hat,Er hat die Milch
Der Mann hat die Milch benötigt,The man needed the milk,297,2.61,424301,benötigt,die,needed,needed,Milch,milk,benötigte,hat,Der Mann,Der Mann hat,Der Mann hat die Milch
Die Frau hat die Milch benötigt,The woman needed the milk,297,2.61,424301,benötigt,die,needed,needed,Milch,milk,benötigte,hat,Die Frau,Die Frau hat,Die Frau hat die Milch
Ich habe die Milch geschäumt,I frothed the milk,295,7.09,424301,geschäumt,die,frothed,frothed,Milch,milk,schäumte,habe,Ich,Ich habe,Ich habe die Milch
Er hat die Milch geschäumt,He frothed the milk,295,7.09,424301,geschäumt,die,frothed,frothed,Milch,milk,schäumte,hat,Er,Er hat,Er hat die Milch
Der Mann hat die Milch geschäumt,The man frothed the milk,295,7.09,424301,geschäumt,die,frothed,frothed,Milch,milk,schäumte,hat,Der Mann,Der Mann hat,Der Mann hat die Milch
Die Frau hat die Milch geschäumt,The woman frothed the milk,295,7.09,424301,geschäumt,die,frothed,frothed,Milch,milk,schäumte,hat,Die Frau,Die Frau hat,Die Frau hat die Milch
Ich habe die Milch gesogen,I sucked the milk,293,6.38,424301,gesogen,die,sucked,sucked,Milch,milk,sog,habe,Ich,Ich habe,Ich habe die Milch
Er hat die Milch gesogen,He sucked the milk,293,6.38,424301,gesogen,die,sucked,sucked,Milch,milk,sog,hat,Er,Er hat,Er hat die Milch
Der Mann hat die Milch gesogen,The man sucked the milk,293,6.38,424301,gesogen,die,sucked,sucked,Milch,milk,sog,hat,Der Mann,Der Mann hat,Der Mann hat die Milch
Die Frau hat die Milch gesogen,The woman sucked the milk,293,6.38,424301,gesogen,die,sucked,sucked,Milch,milk,sog,hat,Die Frau,Die Frau hat,Die Frau hat die Milch
Ich habe die Milch gesaugt,I sucked the milk,293,6.38,424301,gesaugt,die,sucked,sucked,Milch,milk,saugte,habe,Ich,Ich habe,Ich habe die Milch
Er hat die Milch gesaugt,He sucked the milk,293,6.38,424301,gesaugt,die,sucked,sucked,Milch,milk,saugte,hat,Er,Er hat,Er hat die Milch
Der Mann hat die Milch gesaugt,The man sucked the milk,293,6.38,424301,gesaugt,die,sucked,sucked,Milch,milk,saugte,hat,Der Mann,Der Mann hat,Der Mann hat die Milch
Die Frau hat die Milch gesaugt,The woman sucked the milk,293,6.38,424301,gesaugt,die,sucked,sucked,Milch,milk,saugte,hat,Die Frau,Die Frau hat,Die Frau hat die Milch
Ich habe die Milch geschüttet,I spilled the milk,261,6.35,424301,geschüttet,die,spilled,spilled,Milch,milk,schüttete,habe,Ich,Ich habe,Ich habe die Milch
Er hat die Milch geschüttet,He spilled the milk,261,6.35,424301,geschüttet,die,spilled,spilled,Milch,milk,schüttete,hat,Er,Er hat,Er hat die Milch
Der Mann hat die Milch geschüttet,The man spilled the milk,261,6.35,424301,geschüttet,die,spilled,spilled,Milch,milk,schüttete,hat,Der Mann,Der Mann hat,Der Mann hat die Milch
Die Frau hat die Milch geschüttet,The woman spilled the milk,261,6.35,424301,geschüttet,die,spilled,spilled,Milch,milk,schüttete,hat,Die Frau,Die Frau hat,Die Frau hat die Milch
Ich habe die Milch konsumiert,I consumed the milk,225,5.93,424301,konsumiert,die,consumed,consumed,Milch,milk,konsumierte,habe,Ich,Ich habe,Ich habe die Milch
Er hat die Milch konsumiert,He consumed the milk,225,5.93,424301,konsumiert,die,consumed,consumed,Milch,milk,konsumierte,hat,Er,Er hat,Er hat die Milch
Der Mann hat die Milch konsumiert,The man consumed the milk,225,5.93,424301,konsumiert,die,consumed,consumed,Milch,milk,konsumierte,hat,Der Mann,Der Mann hat,Der Mann hat die Milch
Die Frau hat die Milch konsumiert,The woman consumed the milk,225,5.93,424301,konsumiert,die,consumed,consumed,Milch,milk,konsumierte,hat,Die Frau,Die Frau hat,Die Frau hat die Milch
Ich habe die Milch zugefügt,I added the milk,213,5.62,424301,zugefügt,die,added,added,Milch,milk,fügte zu,habe,Ich,Ich habe,Ich habe die Milch
Er hat die Milch zugefügt,He added the milk,213,5.62,424301,zugefügt,die,added,added,Milch,milk,fügte zu,hat,Er,Er hat,Er hat die Milch
Der Mann hat die Milch zugefügt,The man added the milk,213,5.62,424301,zugefügt,die,added,added,Milch,milk,fügte zu,hat,Der Mann,Der Mann hat,Der Mann hat die Milch
Die Frau hat die Milch zugefügt,The woman added the milk,213,5.62,424301,zugefügt,die,added,added,Milch,milk,fügte zu,hat,Die Frau,Die Frau hat,Die Frau hat die Milch
Ich habe die Milch angeboten,I offered the milk,208,2.52,424301,angeboten,die,offered,offered,Milch,milk,bot an,habe,Ich,Ich habe,Ich habe die Milch
Er hat die Milch angeboten,He offered the milk,208,2.52,424301,angeboten,die,offered,offered,Milch,milk,bot an,hat,Er,Er hat,Er hat die Milch
Der Mann hat die Milch angeboten,The man offered the milk,208,2.52,424301,angeboten,die,offered,offered,Milch,milk,bot an,hat,Der Mann,Der Mann hat,Der Mann hat die Milch
Die Frau hat die Milch angeboten,The woman offered the milk,208,2.52,424301,angeboten,die,offered,offered,Milch,milk,bot an,hat,Die Frau,Die Frau hat,Die Frau hat die Milch
Ich habe die Milch gehalten,I held the milk,205,1.1,424301,gehalten,die,held,held,Milch,milk,hielt,habe,Ich,Ich habe,Ich habe die Milch
Er hat die Milch gehalten,He held the milk,205,1.1,424301,gehalten,die,held,held,Milch,milk,hielt,hat,Er,Er hat,Er hat die Milch
Der Mann hat die Milch gehalten,The man held the milk,205,1.1,424301,gehalten,die,held,held,Milch,milk,hielt,hat,Der Mann,Der Mann hat,Der Mann hat die Milch
Die Frau hat die Milch gehalten,The woman held the milk,205,1.1,424301,gehalten,die,held,held,Milch,milk,hielt,hat,Die Frau,Die Frau hat,Die Frau hat die Milch
Ich habe die Milch hergestellt,I produced the milk,202,3.54,424301,hergestellt,die,produced,produced,Milch,milk,stellte her,habe,Ich,Ich habe,Ich habe die Milch
Er hat die Milch hergestellt,He produced the milk,202,3.54,424301,hergestellt,die,produced,produced,Milch,milk,stellte her,hat,Er,Er hat,Er hat die Milch
Der Mann hat die Milch hergestellt,The man produced the milk,202,3.54,424301,hergestellt,die,produced,produced,Milch,milk,stellte her,hat,Der Mann,Der Mann hat,Der Mann hat die Milch
Die Frau hat die Milch hergestellt,The woman produced the milk,202,3.54,424301,hergestellt,die,produced,produced,Milch,milk,stellte her,hat,Die Frau,Die Frau hat,Die Frau hat die Milch
Ich habe die Milch gepumpt,I pumped the milk,201,5.82,424301,gepumpt,die,pumped,pumped,Milch,milk,pumpte,habe,Ich,Ich habe,Ich habe die Milch
Er hat die Milch gepumpt,He pumped the milk,201,5.82,424301,gepumpt,die,pumped,pumped,Milch,milk,pumpte,hat,Er,Er hat,Er hat die Milch
Der Mann hat die Milch gepumpt,The man pumped the milk,201,5.82,424301,gepumpt,die,pumped,pumped,Milch,milk,pumpte,hat,Der Mann,Der Mann hat,Der Mann hat die Milch
Die Frau hat die Milch gepumpt,The woman pumped the milk,201,5.82,424301,gepumpt,die,pumped,pumped,Milch,milk,pumpte,hat,Die Frau,Die Frau hat,Die Frau hat die Milch
Ich habe die Milch verzichtet,I refused the milk,200,3.67,424301,verzichtet,die,refused,refused,Milch,milk,verzichtete,habe,Ich,Ich habe,Ich habe die Milch
Er hat die Milch verzichtet,He refused the milk,200,3.67,424301,verzichtet,die,refused,refused,Milch,milk,verzichtete,hat,Er,Er hat,Er hat die Milch
Der Mann hat die Milch verzichtet,The man refused the milk,200,3.67,424301,verzichtet,die,refused,refused,Milch,milk,verzichtete,hat,Der Mann,Der Mann hat,Der Mann hat die Milch
Die Frau hat die Milch verzichtet,The woman refused the milk,200,3.67,424301,verzichtet,die,refused,refused,Milch,milk,verzichtete,hat,Die Frau,Die Frau hat,Die Frau hat die Milch
Ich habe die Milch genossen,I enjoyed the milk,194,2.17,424301,genossen,die,enjoyed,enjoyed,Milch,milk,genoss,habe,Ich,Ich habe,Ich habe die Milch
Er hat die Milch genossen,He enjoyed the milk,194,2.17,424301,genossen,die,enjoyed,enjoyed,Milch,milk,genoss,hat,Er,Er hat,Er hat die Milch
Der Mann hat die Milch genossen,The man enjoyed the milk,194,2.17,424301,genossen,die,enjoyed,enjoyed,Milch,milk,genoss,hat,Der Mann,Der Mann hat,Der Mann hat die Milch
Die Frau hat die Milch genossen,The woman enjoyed the milk,194,2.17,424301,genossen,die,enjoyed,enjoyed,Milch,milk,genoss,hat,Die Frau,Die Frau hat,Die Frau hat die Milch
Ich habe die Milch gegessen,I ate the milk,180,3.66,424301,gegessen,die,eaten,ate,Milch,milk,aß,habe,Ich,Ich habe,Ich habe die Milch
Er hat die Milch gegessen,He ate the milk,180,3.66,424301,gegessen,die,eaten,ate,Milch,milk,aß,hat,Er,Er hat,Er hat die Milch
Der Mann hat die Milch gegessen,The man ate the milk,180,3.66,424301,gegessen,die,eaten,ate,Milch,milk,aß,hat,Der Mann,Der Mann hat,Der Mann hat die Milch
Die Frau hat die Milch gegessen,The woman ate the milk,180,3.66,424301,gegessen,die,eaten,ate,Milch,milk,aß,hat,Die Frau,Die Frau hat,Die Frau hat die Milch
Ich habe die Milch verdaut,I digested the milk,175,6.11,424301,verdaut,die,digested,digested,Milch,milk,verdaute,habe,Ich,Ich habe,Ich habe die Milch
Er hat die Milch verdaut,He digested the milk,175,6.11,424301,verdaut,die,digested,digested,Milch,milk,verdaute,hat,Er,Er hat,Er hat die Milch
Der Mann hat die Milch verdaut,The man digested the milk,175,6.11,424301,verdaut,die,digested,digested,Milch,milk,verdaute,hat,Der Mann,Der Mann hat,Der Mann hat die Milch
Die Frau hat die Milch verdaut,The woman digested the milk,175,6.11,424301,verdaut,die,digested,digested,Milch,milk,verdaute,hat,Die Frau,Die Frau hat,Die Frau hat die Milch
Ich habe die Milch verquirlt,I whisked the milk,168,6.24,424301,verquirlt,die,whisked,whisked,Milch,milk,verquirlte,habe,Ich,Ich habe,Ich habe die Milch
Er hat die Milch verquirlt,He whisked the milk,168,6.24,424301,verquirlt,die,whisked,whisked,Milch,milk,verquirlte,hat,Er,Er hat,Er hat die Milch
Der Mann hat die Milch verquirlt,The man whisked the milk,168,6.24,424301,verquirlt,die,whisked,whisked,Milch,milk,verquirlte,hat,Der Mann,Der Mann hat,Der Mann hat die Milch
Die Frau hat die Milch verquirlt,The woman whisked the milk,168,6.24,424301,verquirlt,die,whisked,whisked,Milch,milk,verquirlte,hat,Die Frau,Die Frau hat,Die Frau hat die Milch
Ich habe die Milch abgegeben,I dispensed the milk,158,3.16,424301,abgegeben,die,dispensed,dispensed,Milch,milk,gab ab,habe,Ich,Ich habe,Ich habe die Milch
Er hat die Milch abgegeben,He dispensed the milk,158,3.16,424301,abgegeben,die,dispensed,dispensed,Milch,milk,gab ab,hat,Er,Er hat,Er hat die Milch
Der Mann hat die Milch abgegeben,The man dispensed the milk,158,3.16,424301,abgegeben,die,dispensed,dispensed,Milch,milk,gab ab,hat,Der Mann,Der Mann hat,Der Mann hat die Milch
Die Frau hat die Milch abgegeben,The woman dispensed the milk,158,3.16,424301,abgegeben,die,dispensed,dispensed,Milch,milk,gab ab,hat,Die Frau,Die Frau hat,Die Frau hat die Milch
Ich habe die Milch aufgenommen,I absorbed the milk,157,2.11,424301,aufgenommen,die,absorbed,absorbed,Milch,milk,nahm auf,habe,Ich,Ich habe,Ich habe die Milch
Er hat die Milch aufgenommen,He absorbed the milk,157,2.11,424301,aufgenommen,die,absorbed,absorbed,Milch,milk,nahm auf,hat,Er,Er hat,Er hat die Milch
Der Mann hat die Milch aufgenommen,The man absorbed the milk,157,2.11,424301,aufgenommen,die,absorbed,absorbed,Milch,milk,nahm auf,hat,Der Mann,Der Mann hat,Der Mann hat die Milch
Die Frau hat die Milch aufgenommen,The woman absorbed the milk,157,2.11,424301,aufgenommen,die,absorbed,absorbed,Milch,milk,nahm auf,hat,Die Frau,Die Frau hat,Die Frau hat die Milch
Ich habe die Milch vermischt,I mixed the milk,150,5.6,424301,vermischt,die,mixed,mixed,Milch,milk,vermischte,habe,Ich,Ich habe,Ich habe die Milch
Er hat die Milch vermischt,He mixed the milk,150,5.6,424301,vermischt,die,mixed,mixed,Milch,milk,vermischte,hat,Er,Er hat,Er hat die Milch
Der Mann hat die Milch vermischt,The man mixed the milk,150,5.6,424301,vermischt,die,mixed,mixed,Milch,milk,vermischte,hat,Der Mann,Der Mann hat,Der Mann hat die Milch
Die Frau hat die Milch vermischt,The woman mixed the milk,150,5.6,424301,vermischt,die,mixed,mixed,Milch,milk,vermischte,hat,Die Frau,Die Frau hat,Die Frau hat die Milch
Ich habe die Milch gewonnen,I won the milk,150,1.62,424301,gewonnen,die,won,won,Milch,milk,gewann,habe,Ich,Ich habe,Ich habe die Milch
Er hat die Milch gewonnen,He won the milk,150,1.62,424301,gewonnen,die,won,won,Milch,milk,gewann,hat,Er,Er hat,Er hat die Milch
Der Mann hat die Milch gewonnen,The man won the milk,150,1.62,424301,gewonnen,die,won,won,Milch,milk,gewann,hat,Der Mann,Der Mann hat,Der Mann hat die Milch
Die Frau hat die Milch gewonnen,The woman won the milk,150,1.62,424301,gewonnen,die,won,won,Milch,milk,gewann,hat,Die Frau,Die Frau hat,Die Frau hat die Milch
Ich habe die Milch gesehen,I saw the milk,150,0.17,424301,gesehen,die,seen,saw,Milch,milk,sah,habe,Ich,Ich habe,Ich habe die Milch
Er hat die Milch gesehen,He saw the milk,150,0.17,424301,gesehen,die,seen,saw,Milch,milk,sah,hat,Er,Er hat,Er hat die Milch
Der Mann hat die Milch gesehen,The man saw the milk,150,0.17,424301,gesehen,die,seen,saw,Milch,milk,sah,hat,Der Mann,Der Mann hat,Der Mann hat die Milch
Die Frau hat die Milch gesehen,The woman saw the milk,150,0.17,424301,gesehen,die,seen,saw,Milch,milk,sah,hat,Die Frau,Die Frau hat,Die Frau hat die Milch
Ich habe die Milch zubereitet,I prepared the milk,147,4.85,424301,zubereitet,die,prepared,prepared,Milch,milk,bereitete zu,habe,Ich,Ich habe,Ich habe die Milch
Er hat die Milch zubereitet,He prepared the milk,147,4.85,424301,zubereitet,die,prepared,prepared,Milch,milk,bereitete zu,hat,Er,Er hat,Er hat die Milch
Der Mann hat die Milch zubereitet,The man prepared the milk,147,4.85,424301,zubereitet,die,prepared,prepared,Milch,milk,bereitete zu,hat,Der Mann,Der Mann hat,Der Mann hat die Milch
Die Frau hat die Milch zubereitet,The woman prepared the milk,147,4.85,424301,zubereitet,die,prepared,prepared,Milch,milk,bereitete zu,hat,Die Frau,Die Frau hat,Die Frau hat die Milch
Ich habe die Milch bestellt,I ordered the milk,143,3.02,424301,bestellt,die,ordered,ordered,Milch,milk,bestellte,habe,Ich,Ich habe,Ich habe die Milch
Er hat die Milch bestellt,He ordered the milk,143,3.02,424301,bestellt,die,ordered,ordered,Milch,milk,bestellte,hat,Er,Er hat,Er hat die Milch
Der Mann hat die Milch bestellt,The man ordered the milk,143,3.02,424301,bestellt,die,ordered,ordered,Milch,milk,bestellte,hat,Der Mann,Der Mann hat,Der Mann hat die Milch
Die Frau hat die Milch bestellt,The woman ordered the milk,143,3.02,424301,bestellt,die,ordered,ordered,Milch,milk,bestellte,hat,Die Frau,Die Frau hat,Die Frau hat die Milch
Ich habe die Milch gemelkt,I milked the milk,139,5.89,424301,gemelkt,die,milked,milked,Milch,milk,melkte,habe,Ich,Ich habe,Ich habe die Milch
Er hat die Milch gemelkt,He milked the milk,139,5.89,424301,gemelkt,die,milked,milked,Milch,milk,melkte,hat,Er,Er hat,Er hat die Milch
Der Mann hat die Milch gemelkt,The man milked the milk,139,5.89,424301,gemelkt,die,milked,milked,Milch,milk,melkte,hat,Der Mann,Der Mann hat,Der Mann hat die Milch
Die Frau hat die Milch gemelkt,The woman milked the milk,139,5.89,424301,gemelkt,die,milked,milked,Milch,milk,melkte,hat,Die Frau,Die Frau hat,Die Frau hat die Milch
Ich habe die Milch gemolken,I milked the milk,139,5.89,424301,gemolken,die,milked,milked,Milch,milk,molk,habe,Ich,Ich habe,Ich habe die Milch
Er hat die Milch gemolken,He milked the milk,139,5.89,424301,gemolken,die,milked,milked,Milch,milk,molk,hat,Er,Er hat,Er hat die Milch
Der Mann hat die Milch gemolken,The man milked the milk,139,5.89,424301,gemolken,die,milked,milked,Milch,milk,molk,hat,Der Mann,Der Mann hat,Der Mann hat die Milch
Die Frau hat die Milch gemolken,The woman milked the milk,139,5.89,424301,gemolken,die,milked,milked,Milch,milk,molk,hat,Die Frau,Die Frau hat,Die Frau hat die Milch
Ich habe die Milch abgeholt,I collected the milk,134,4.54,424301,abgeholt,die,collected,collected,Milch,milk,holte ab,habe,Ich,Ich habe,Ich habe die Milch
Er hat die Milch abgeholt,He collected the milk,134,4.54,424301,abgeholt,die,collected,collected,Milch,milk,holte ab,hat,Er,Er hat,Er hat die Milch
Der Mann hat die Milch abgeholt,The man collected the milk,134,4.54,424301,abgeholt,die,collected,collected,Milch,milk,holte ab,hat,Der Mann,Der Mann hat,Der Mann hat die Milch
Die Frau hat die Milch abgeholt,The woman collected the milk,134,4.54,424301,abgeholt,die,collected,collected,Milch,milk,holte ab,hat,Die Frau,Die Frau hat,Die Frau hat die Milch
Ich habe die Milch genutzt,I used the milk,133,0.51,424301,genutzt,die,used,used,Milch,milk,nutzte,habe,Ich,Ich habe,Ich habe die Milch
Er hat die Milch genutzt,He used the milk,133,0.51,424301,genutzt,die,used,used,Milch,milk,nutzte,hat,Er,Er hat,Er hat die Milch
Der Mann hat die Milch genutzt,The man used the milk,133,0.51,424301,genutzt,die,used,used,Milch,milk,nutzte,hat,Der Mann,Der Mann hat,Der Mann hat die Milch
Die Frau hat die Milch genutzt,The woman used the milk,133,0.51,424301,genutzt,die,used,used,Milch,milk,nutzte,hat,Die Frau,Die Frau hat,Die Frau hat die Milch
Ich habe die Milch probiert,I tried the milk,130,4.27,424301,probiert,die,tried,tried,Milch,milk,probierte,habe,Ich,Ich habe,Ich habe die Milch
Er hat die Milch probiert,He tried the milk,130,4.27,424301,probiert,die,tried,tried,Milch,milk,probierte,hat,Er,Er hat,Er hat die Milch
Der Mann hat die Milch probiert,The man tried the milk,130,4.27,424301,probiert,die,tried,tried,Milch,milk,probierte,hat,Der Mann,Der Mann hat,Der Mann hat die Milch
Die Frau hat die Milch probiert,The woman tried the milk,130,4.27,424301,probiert,die,tried,tried,Milch,milk,probierte,hat,Die Frau,Die Frau hat,Die Frau hat die Milch
Ich habe die Milch gekippt,I tilted the milk,126,5.14,424301,gekippt,die,tilted,tilted,Milch,milk,kippte,habe,Ich,Ich habe,Ich habe die Milch
Er hat die Milch gekippt,He tilted the milk,126,5.14,424301,gekippt,die,tilted,tilted,Milch,milk,kippte,hat,Er,Er hat,Er hat die Milch
Der Mann hat die Milch gekippt,The man tilted the milk,126,5.14,424301,gekippt,die,tilted,tilted,Milch,milk,kippte,hat,Der Mann,Der Mann hat,Der Mann hat die Milch
Die Frau hat die Milch gekippt,The woman tilted the milk,126,5.14,424301,gekippt,die,tilted,tilted,Milch,milk,kippte,hat,Die Frau,Die Frau hat,Die Frau hat die Milch
Ich habe die Milch verwandelt,I transformed the milk,126,3.57,424301,verwandelt,die,transformed,transformed,Milch,milk,verwandelte,habe,Ich,Ich habe,Ich habe die Milch
Er hat die Milch verwandelt,He transformed the milk,126,3.57,424301,verwandelt,die,transformed,transformed,Milch,milk,verwandelte,hat,Er,Er hat,Er hat die Milch
Der Mann hat die Milch verwandelt,The man transformed the milk,126,3.57,424301,verwandelt,die,transformed,transformed,Milch,milk,verwandelte,hat,Der Mann,Der Mann hat,Der Mann hat die Milch
Die Frau hat die Milch verwandelt,The woman transformed the milk,126,3.57,424301,verwandelt,die,transformed,transformed,Milch,milk,verwandelte,hat,Die Frau,Die Frau hat,Die Frau hat die Milch
Ich habe die Milch empfohlen,I recommended the milk,124,2.34,424301,empfohlen,die,recommended,recommended,Milch,milk,empfahl,habe,Ich,Ich habe,Ich habe die Milch
Er hat die Milch empfohlen,He recommended the milk,124,2.34,424301,empfohlen,die,recommended,recommended,Milch,milk,empfahl,hat,Er,Er hat,Er hat die Milch
Der Mann hat die Milch empfohlen,The man recommended the milk,124,2.34,424301,empfohlen,die,recommended,recommended,Milch,milk,empfahl,hat,Der Mann,Der Mann hat,Der Mann hat die Milch
Die Frau hat die Milch empfohlen,The woman recommended the milk,124,2.34,424301,empfohlen,die,recommended,recommended,Milch,milk,empfahl,hat,Die Frau,Die Frau hat,Die Frau hat die Milch
Ich habe die Milch abgeliefert,I delivered the milk,121,4.95,424301,abgeliefert,die,delivered,delivered,Milch,milk,lieferte ab,habe,Ich,Ich habe,Ich habe die Milch
Er hat die Milch abgeliefert,He delivered the milk,121,4.95,424301,abgeliefert,die,delivered,delivered,Milch,milk,lieferte ab,hat,Er,Er hat,Er hat die Milch
Der Mann hat die Milch abgeliefert,The man delivered the milk,121,4.95,424301,abgeliefert,die,delivered,delivered,Milch,milk,lieferte ab,hat,Der Mann,Der Mann hat,Der Mann hat die Milch
Die Frau hat die Milch abgeliefert,The woman delivered the milk,121,4.95,424301,abgeliefert,die,delivered,delivered,Milch,milk,lieferte ab,hat,Die Frau,Die Frau hat,Die Frau hat die Milch
Ich habe die Milch aufgelöst,I dissolved the milk,115,4.48,424301,aufgelöst,die,dissolved,dissolved,Milch,milk,löste auf,habe,Ich,Ich habe,Ich habe die Milch
Er hat die Milch aufgelöst,He dissolved the milk,115,4.48,424301,aufgelöst,die,dissolved,dissolved,Milch,milk,löste auf,hat,Er,Er hat,Er hat die Milch
Der Mann hat die Milch aufgelöst,The man dissolved the milk,115,4.48,424301,aufgelöst,die,dissolved,dissolved,Milch,milk,löste auf,hat,Der Mann,Der Mann hat,Der Mann hat die Milch
Die Frau hat die Milch aufgelöst,The woman dissolved the milk,115,4.48,424301,aufgelöst,die,dissolved,dissolved,Milch,milk,löste auf,hat,Die Frau,Die Frau hat,Die Frau hat die Milch
Ich habe die Milch gezogen,I drew the milk,115,0.87,424301,gezogen,die,drawn,drew,Milch,milk,zog,habe,Ich,Ich habe,Ich habe die Milch
Er hat die Milch gezogen,He drew the milk,115,0.87,424301,gezogen,die,drawn,drew,Milch,milk,zog,hat,Er,Er hat,Er hat die Milch
Der Mann hat die Milch gezogen,The man drew the milk,115,0.87,424301,gezogen,die,drawn,drew,Milch,milk,zog,hat,Der Mann,Der Mann hat,Der Mann hat die Milch
Die Frau hat die Milch gezogen,The woman drew the milk,115,0.87,424301,gezogen,die,drawn,drew,Milch,milk,zog,hat,Die Frau,Die Frau hat,Die Frau hat die Milch
Ich habe die Milch geholfen,I helped the milk,114,2.39,424301,geholfen,die,helped,helped,Milch,milk,half,habe,Ich,Ich habe,Ich habe die Milch
Er hat die Milch geholfen,He helped the milk,114,2.39,424301,geholfen,die,helped,helped,Milch,milk,half,hat,Er,Er hat,Er hat die Milch
Der Mann hat die Milch geholfen,The man helped the milk,114,2.39,424301,geholfen,die,helped,helped,Milch,milk,half,hat,Der Mann,Der Mann hat,Der Mann hat die Milch
Die Frau hat die Milch geholfen,The woman helped the milk,114,2.39,424301,geholfen,die,helped,helped,Milch,milk,half,hat,Die Frau,Die Frau hat,Die Frau hat die Milch
Ich habe die Milch dazugegossen,I added the milk,111,5.68,424301,dazugegossen,die,added,added,Milch,milk,goss dazu,habe,Ich,Ich habe,Ich habe die Milch
Er hat die Milch dazugegossen,He added the milk,111,5.68,424301,dazugegossen,die,added,added,Milch,milk,goss dazu,hat,Er,Er hat,Er hat die Milch
Der Mann hat die Milch dazugegossen,The man added the milk,111,5.68,424301,dazugegossen,die,added,added,Milch,milk,goss dazu,hat,Der Mann,Der Mann hat,Der Mann hat die Milch
Die Frau hat die Milch dazugegossen,The woman added the milk,111,5.68,424301,dazugegossen,die,added,added,Milch,milk,goss dazu,hat,Die Frau,Die Frau hat,Die Frau hat die Milch
Ich habe die Milch vermarktet,I marketed the milk,105,5.07,424301,vermarktet,die,marketed,marketed,Milch,milk,vermarktete,habe,Ich,Ich habe,Ich habe die Milch
Er hat die Milch vermarktet,He marketed the milk,105,5.07,424301,vermarktet,die,marketed,marketed,Milch,milk,vermarktete,hat,Er,Er hat,Er hat die Milch
Der Mann hat die Milch vermarktet,The man marketed the milk,105,5.07,424301,vermarktet,die,marketed,marketed,Milch,milk,vermarktete,hat,Der Mann,Der Mann hat,Der Mann hat die Milch
Die Frau hat die Milch vermarktet,The woman marketed the milk,105,5.07,424301,vermarktet,die,marketed,marketed,Milch,milk,vermarktete,hat,Die Frau,Die Frau hat,Die Frau hat die Milch
Ich habe die Milch angegossen,I poured the milk,103,5.52,424301,angegossen,die,poured,poured,Milch,milk,goss an,habe,Ich,Ich habe,Ich habe die Milch
Er hat die Milch angegossen,He poured the milk,103,5.52,424301,angegossen,die,poured,poured,Milch,milk,goss an,hat,Er,Er hat,Er hat die Milch
Der Mann hat die Milch angegossen,The man poured the milk,103,5.52,424301,angegossen,die,poured,poured,Milch,milk,goss an,hat,Der Mann,Der Mann hat,Der Mann hat die Milch
Die Frau hat die Milch angegossen,The woman poured the milk,103,5.52,424301,angegossen,die,poured,poured,Milch,milk,goss an,hat,Die Frau,Die Frau hat,Die Frau hat die Milch
Ich habe die Milch verschüttet,I spilled the milk,103,5.5,424301,verschüttet,die,spilled,spilled,Milch,milk,verschüttete,habe,Ich,Ich habe,Ich habe die Milch
Er hat die Milch verschüttet,He spilled the milk,103,5.5,424301,verschüttet,die,spilled,spilled,Milch,milk,verschüttete,hat,Er,Er hat,Er hat die Milch
Der Mann hat die Milch verschüttet,The man spilled the milk,103,5.5,424301,verschüttet,die,spilled,spilled,Milch,milk,verschüttete,hat,Der Mann,Der Mann hat,Der Mann hat die Milch
Die Frau hat die Milch verschüttet,The woman spilled the milk,103,5.5,424301,verschüttet,die,spilled,spilled,Milch,milk,verschüttete,hat,Die Frau,Die Frau hat,Die Frau hat die Milch
Ich habe die Milch gespritzt,I squirted the milk,97,4.69,424301,gespritzt,die,squirted,squirted,Milch,milk,spritzte,habe,Ich,Ich habe,Ich habe die Milch
Er hat die Milch gespritzt,He squirted the milk,97,4.69,424301,gespritzt,die,squirted,squirted,Milch,milk,spritzte,hat,Er,Er hat,Er hat die Milch
Der Mann hat die Milch gespritzt,The man squirted the milk,97,4.69,424301,gespritzt,die,squirted,squirted,Milch,milk,spritzte,hat,Der Mann,Der Mann hat,Der Mann hat die Milch
Die Frau hat die Milch gespritzt,The woman squirted the milk,97,4.69,424301,gespritzt,die,squirted,squirted,Milch,milk,spritzte,hat,Die Frau,Die Frau hat,Die Frau hat die Milch
Ich habe die Milch gefüttert,I fed the milk,97,4.65,424301,gefüttert,die,fed,fed,Milch,milk,fütterte,habe,Ich,Ich habe,Ich habe die Milch
Er hat die Milch gefüttert,He fed the milk,97,4.65,424301,gefüttert,die,fed,fed,Milch,milk,fütterte,hat,Er,Er hat,Er hat die Milch
Der Mann hat die Milch gefüttert,The man fed the milk,97,4.65,424301,gefüttert,die,fed,fed,Milch,milk,fütterte,hat,Der Mann,Der Mann hat,Der Mann hat die Milch
Die Frau hat die Milch gefüttert,The woman fed the milk,97,4.65,424301,gefüttert,die,fed,fed,Milch,milk,fütterte,hat,Die Frau,Die Frau hat,Die Frau hat die Milch
Ich habe den Ball gehalten,I held the ball,11067,6.74,866907,gehalten,den,held,held,Ball,ball,hielt,habe,Ich,Ich habe,Ich habe den Ball
Er hat den Ball gehalten,He held the ball,11067,6.74,866907,gehalten,den,held,held,Ball,ball,hielt,hat,Er,Er hat,Er hat den Ball
Der Mann hat den Ball gehalten,The man held the ball,11067,6.74,866907,gehalten,den,held,held,Ball,ball,hielt,hat,Der Mann,Der Mann hat,Der Mann hat den Ball
Die Frau hat den Ball gehalten,The woman held the ball,11067,6.74,866907,gehalten,den,held,held,Ball,ball,hielt,hat,Die Frau,Die Frau hat,Die Frau hat den Ball
Ich habe den Ball erobert,I conquered the ball,4843,8.35,866907,erobert,den,conquered,conquered,Ball,ball,eroberte,habe,Ich,Ich habe,Ich habe den Ball
Er hat den Ball erobert,He conquered the ball,4843,8.35,866907,erobert,den,conquered,conquered,Ball,ball,eroberte,hat,Er,Er hat,Er hat den Ball
Der Mann hat den Ball erobert,The man conquered the ball,4843,8.35,866907,erobert,den,conquered,conquered,Ball,ball,eroberte,hat,Der Mann,Der Mann hat,Der Mann hat den Ball
Die Frau hat den Ball erobert,The woman conquered the ball,4843,8.35,866907,erobert,den,conquered,conquered,Ball,ball,eroberte,hat,Die Frau,Die Frau hat,Die Frau hat den Ball
Ich habe den Ball geholt,I took the ball,3113,6.35,866907,geholt,den,taken,took,Ball,ball,holte,habe,Ich,Ich habe,Ich habe den Ball
Er hat den Ball geholt,He took the ball,3113,6.35,866907,geholt,den,taken,took,Ball,ball,holte,hat,Er,Er hat,Er hat den Ball
Der Mann hat den Ball geholt,The man took the ball,3113,6.35,866907,geholt,den,taken,took,Ball,ball,holte,hat,Der Mann,Der Mann hat,Der Mann hat den Ball
Die Frau hat den Ball geholt,The woman took the ball,3113,6.35,866907,geholt,den,taken,took,Ball,ball,holte,hat,Die Frau,Die Frau hat,Die Frau hat den Ball
Ich habe den Ball berührt,I touched the ball,2157,7.15,866907,berührt,den,touched,touched,Ball,ball,berührte,habe,Ich,Ich habe,Ich habe den Ball
Er hat den Ball berührt,He touched the ball,2157,7.15,866907,berührt,den,touched,touched,Ball,ball,berührte,hat,Er,Er hat,Er hat den Ball
Der Mann hat den Ball berührt,The man touched the ball,2157,7.15,866907,berührt,den,touched,touched,Ball,ball,berührte,hat,Der Mann,Der Mann hat,Der Mann hat den Ball
Die Frau hat den Ball berührt,The woman touched the ball,2157,7.15,866907,berührt,den,touched,touched,Ball,ball,berührte,hat,Die Frau,Die Frau hat,Die Frau hat den Ball
Ich habe den Ball getreten,I kicked the ball,1868,6.17,866907,getreten,den,kicked,kicked,Ball,ball,trat,habe,Ich,Ich habe,Ich habe den Ball
Er hat den Ball getreten,He kicked the ball,1868,6.17,866907,getreten,den,kicked,kicked,Ball,ball,trat,hat,Er,Er hat,Er hat den Ball
Der Mann hat den Ball getreten,The man kicked the ball,1868,6.17,866907,getreten,den,kicked,kicked,Ball,ball,trat,hat,Der Mann,Der Mann hat,Der Mann hat den Ball
Die Frau hat den Ball getreten,The woman kicked the ball,1868,6.17,866907,getreten,den,kicked,kicked,Ball,ball,trat,hat,Die Frau,Die Frau hat,Die Frau hat den Ball
Ich habe den Ball angenommen,I received the ball,1759,6.22,866907,angenommen,den,received,received,Ball,ball,nahm an,habe,Ich,Ich habe,Ich habe den Ball
Er hat den Ball angenommen,He received the ball,1759,6.22,866907,angenommen,den,received,received,Ball,ball,nahm an,hat,Er,Er hat,Er hat den Ball
Der Mann hat den Ball angenommen,The man received the ball,1759,6.22,866907,angenommen,den,received,received,Ball,ball,nahm an,hat,Der Mann,Der Mann hat,Der Mann hat den Ball
Die Frau hat den Ball angenommen,The woman received the ball,1759,6.22,866907,angenommen,den,received,received,Ball,ball,nahm an,hat,Die Frau,Die Frau hat,Die Frau hat den Ball
Ich habe den Ball gewonnen,I won the ball,1461,4.68,866907,gewonnen,den,won,won,Ball,ball,gewann,habe,Ich,Ich habe,Ich habe den Ball
Er hat den Ball gewonnen,He won the ball,1461,4.68,866907,gewonnen,den,won,won,Ball,ball,gewann,hat,Er,Er hat,Er hat den Ball
Der Mann hat den Ball gewonnen,The man won the ball,1461,4.68,866907,gewonnen,den,won,won,Ball,ball,gewann,hat,Der Mann,Der Mann hat,Der Mann hat den Ball
Die Frau hat den Ball gewonnen,The woman won the ball,1461,4.68,866907,gewonnen,den,won,won,Ball,ball,gewann,hat,Die Frau,Die Frau hat,Die Frau hat den Ball
Ich habe den Ball erreicht,I reached the ball,1448,4.09,866907,erreicht,den,reached,reached,Ball,ball,erreichte,habe,Ich,Ich habe,Ich habe den Ball
Er hat den Ball erreicht,He reached the ball,1448,4.09,866907,erreicht,den,reached,reached,Ball,ball,erreichte,hat,Er,Er hat,Er hat den Ball
Der Mann hat den Ball erreicht,The man reached the ball,1448,4.09,866907,erreicht,den,reached,reached,Ball,ball,erreichte,hat,Der Mann,Der Mann hat,Der Mann hat den Ball
Die Frau hat den Ball erreicht,The woman reached the ball,1448,4.09,866907,erreicht,den,reached,reached,Ball,ball,erreichte,hat,Die Frau,Die Frau hat,Die Frau hat den Ball
Ich habe den Ball kontrolliert,I controlled the ball,1438,6.38,866907,kontrolliert,den,controlled,controlled,Ball,ball,kontrollierte,habe,Ich,Ich habe,Ich habe den Ball
Er hat den Ball kontrolliert,He controlled the ball,1438,6.38,866907,kontrolliert,den,controlled,controlled,Ball,ball,kontrollierte,hat,Er,Er hat,Er hat den Ball
Der Mann hat den Ball kontrolliert,The man controlled the ball,1438,6.38,866907,kontrolliert,den,controlled,controlled,Ball,ball,kontrollierte,hat,Der Mann,Der Mann hat,Der Mann hat den Ball
Die Frau hat den Ball kontrolliert,The woman controlled the ball,1438,6.38,866907,kontrolliert,den,controlled,controlled,Ball,ball,kontrollierte,hat,Die Frau,Die Frau hat,Die Frau hat den Ball
Ich habe den Ball abgefangen,I intercepted the ball,1321,6.94,866907,abgefangen,den,intercepted,intercepted,Ball,ball,fing ab,habe,Ich,Ich habe,Ich habe den Ball
Er hat den Ball abgefangen,He intercepted the ball,1321,6.94,866907,abgefangen,den,intercepted,intercepted,Ball,ball,fing ab,hat,Er,Er hat,Er hat den Ball
Der Mann hat den Ball abgefangen,The man intercepted the ball,1321,6.94,866907,abgefangen,den,intercepted,intercepted,Ball,ball,fing ab,hat,Der Mann,Der Mann hat,Der Mann hat den Ball
Die Frau hat den Ball abgefangen,The woman intercepted the ball,1321,6.94,866907,abgefangen,den,intercepted,intercepted,Ball,ball,fing ab,hat,Die Frau,Die Frau hat,Die Frau hat den Ball
Ich habe den Ball pariert,I parried the ball,1279,6.93,866907,pariert,den,parried,parried,Ball,ball,parierte,habe,Ich,Ich habe,Ich habe den Ball
Er hat den Ball pariert,He parried the ball,1279,6.93,866907,pariert,den,parried,parried,Ball,ball,parierte,hat,Er,Er hat,Er hat den Ball
Der Mann hat den Ball pariert,The man parried the ball,1279,6.93,866907,pariert,den,parried,parried,Ball,ball,parierte,hat,Der Mann,Der Mann hat,Der Mann hat den Ball
Die Frau hat den Ball pariert,The woman parried the ball,1279,6.93,866907,pariert,den,parried,parried,Ball,ball,parierte,hat,Die Frau,Die Frau hat,Die Frau hat den Ball
Ich habe den Ball gesichert,I secured the ball,1085,4.99,866907,gesichert,den,secured,secured,Ball,ball,sicherte,habe,Ich,Ich habe,Ich habe den Ball
Er hat den Ball gesichert,He secured the ball,1085,4.99,866907,gesichert,den,secured,secured,Ball,ball,sicherte,hat,Er,Er hat,Er hat den Ball
Der Mann hat den Ball gesichert,The man secured the ball,1085,4.99,866907,gesichert,den,secured,secured,Ball,ball,sicherte,hat,Der Mann,Der Mann hat,Der Mann hat den Ball
Die Frau hat den Ball gesichert,The woman secured the ball,1085,4.99,866907,gesichert,den,secured,secured,Ball,ball,sicherte,hat,Die Frau,Die Frau hat,Die Frau hat den Ball
Ich habe den Ball gerollt,I rolled the ball,1069,6.41,866907,gerollt,den,rolled,rolled,Ball,ball,rollte,habe,Ich,Ich habe,Ich habe den Ball
Er hat den Ball gerollt,He rolled the ball,1069,6.41,866907,gerollt,den,rolled,rolled,Ball,ball,rollte,hat,Er,Er hat,Er hat den Ball
Der Mann hat den Ball gerollt,The man rolled the ball,1069,6.41,866907,gerollt,den,rolled,rolled,Ball,ball,rollte,hat,Der Mann,Der Mann hat,Der Mann hat den Ball
Die Frau hat den Ball gerollt,The woman rolled the ball,1069,6.41,866907,gerollt,den,rolled,rolled,Ball,ball,rollte,hat,Die Frau,Die Frau hat,Die Frau hat den Ball
Ich habe den Ball gefunden,I found the ball,920,1.62,866907,gefunden,den,found,found,Ball,ball,fand,habe,Ich,Ich habe,Ich habe den Ball
Er hat den Ball gefunden,He found the ball,920,1.62,866907,gefunden,den,found,found,Ball,ball,fand,hat,Er,Er hat,Er hat den Ball
Der Mann hat den Ball gefunden,The man found the ball,920,1.62,866907,gefunden,den,found,found,Ball,ball,fand,hat,Der Mann,Der Mann hat,Der Mann hat den Ball
Die Frau hat den Ball gefunden,The woman found the ball,920,1.62,866907,gefunden,den,found,found,Ball,ball,fand,hat,Die Frau,Die Frau hat,Die Frau hat den Ball
Ich habe den Ball gestoppt,I stopped the ball,867,5.86,866907,gestoppt,den,stopped,stopped,Ball,ball,stoppte,habe,Ich,Ich habe,Ich habe den Ball
Er hat den Ball gestoppt,He stopped the ball,867,5.86,866907,gestoppt,den,stopped,stopped,Ball,ball,stoppte,hat,Er,Er hat,Er hat den Ball
Der Mann hat den Ball gestoppt,The man stopped the ball,867,5.86,866907,gestoppt,den,stopped,stopped,Ball,ball,stoppte,hat,Der Mann,Der Mann hat,Der Mann hat den Ball
Die Frau hat den Ball gestoppt,The woman stopped the ball,867,5.86,866907,gestoppt,den,stopped,stopped,Ball,ball,stoppte,hat,Die Frau,Die Frau hat,Die Frau hat den Ball
Ich habe den Ball abgenommen,I took the ball,701,5.64,866907,abgenommen,den,taken,took,Ball,ball,nahm ab,habe,Ich,Ich habe,Ich habe den Ball
Er hat den Ball abgenommen,He took the ball,701,5.64,866907,abgenommen,den,taken,took,Ball,ball,nahm ab,hat,Er,Er hat,Er hat den Ball
Der Mann hat den Ball abgenommen,The man took the ball,701,5.64,866907,abgenommen,den,taken,took,Ball,ball,nahm ab,hat,Der Mann,Der Mann hat,Der Mann hat den Ball
Die Frau hat den Ball abgenommen,The woman took the ball,701,5.64,866907,abgenommen,den,taken,took,Ball,ball,nahm ab,hat,Die Frau,Die Frau hat,Die Frau hat den Ball
Ich habe den Ball mitgenommen,I took the ball,537,4.9,866907,mitgenommen,den,taken,took,Ball,ball,nahm mit,habe,Ich,Ich habe,Ich habe den Ball
Er hat den Ball mitgenommen,He took the ball,537,4.9,866907,mitgenommen,den,taken,took,Ball,ball,nahm mit,hat,Er,Er hat,Er hat den Ball
Der Mann hat den Ball mitgenommen,The man took the ball,537,4.9,866907,mitgenommen,den,taken,took,Ball,ball,nahm mit,hat,Der Mann,Der Mann hat,Der Mann hat den Ball
Die Frau hat den Ball mitgenommen,The woman took the ball,537,4.9,866907,mitgenommen,den,taken,took,Ball,ball,nahm mit,hat,Die Frau,Die Frau hat,Die Frau hat den Ball
Ich habe den Ball vorgelegt,I provided the ball,525,4.89,866907,vorgelegt,den,provided,provided,Ball,ball,legte vor,habe,Ich,Ich habe,Ich habe den Ball
Er hat den Ball vorgelegt,He provided the ball,525,4.89,866907,vorgelegt,den,provided,provided,Ball,ball,legte vor,hat,Er,Er hat,Er hat den Ball
Der Mann hat den Ball vorgelegt,The man provided the ball,525,4.89,866907,vorgelegt,den,provided,provided,Ball,ball,legte vor,hat,Der Mann,Der Mann hat,Der Mann hat den Ball
Die Frau hat den Ball vorgelegt,The woman provided the ball,525,4.89,866907,vorgelegt,den,provided,provided,Ball,ball,legte vor,hat,Die Frau,Die Frau hat,Die Frau hat den Ball
Ich habe das Kleid gefunden,I found the dress,3509,3.58,420968,gefunden,das,found,found,Kleid,dress,fand,habe,Ich,Ich habe,Ich habe das Kleid
Er hat das Kleid gefunden,He found the dress,3509,3.58,420968,gefunden,das,found,found,Kleid,dress,fand,hat,Er,Er hat,Er hat das Kleid
Der Mann hat das Kleid gefunden,The man found the dress,3509,3.58,420968,gefunden,das,found,found,Kleid,dress,fand,hat,Der Mann,Der Mann hat,Der Mann hat das Kleid
Die Frau hat das Kleid gefunden,The woman found the dress,3509,3.58,420968,gefunden,das,found,found,Kleid,dress,fand,hat,Die Frau,Die Frau hat,Die Frau hat das Kleid
Ich habe das Kleid genäht,I sewed the dress,2813,9.04,420968,genäht,das,sewn,sewed,Kleid,dress,nähte,habe,Ich,Ich habe,Ich habe das Kleid
Er hat das Kleid genäht,He sewed the dress,2813,9.04,420968,genäht,das,sewn,sewed,Kleid,dress,nähte,hat,Er,Er hat,Er hat das Kleid
Der Mann hat das Kleid genäht,The man sewed the dress,2813,9.04,420968,genäht,das,sewn,sewed,Kleid,dress,nähte,hat,Der Mann,Der Mann hat,Der Mann hat das Kleid
Die Frau hat das Kleid genäht,The woman sewed the dress,2813,9.04,420968,genäht,das,sewn,sewed,Kleid,dress,nähte,hat,Die Frau,Die Frau hat,Die Frau hat das Kleid
Ich habe das Kleid gesehen,I saw the dress,1432,3.41,420968,gesehen,das,seen,saw,Kleid,dress,sah,habe,Ich,Ich habe,Ich habe das Kleid
Er hat das Kleid gesehen,He saw the dress,1432,3.41,420968,gesehen,das,seen,saw,Kleid,dress,sah,hat,Er,Er hat,Er hat das Kleid
Der Mann hat das Kleid gesehen,The man saw the dress,1432,3.41,420968,gesehen,das,seen,saw,Kleid,dress,sah,hat,Der Mann,Der Mann hat,Der Mann hat das Kleid
Die Frau hat das Kleid gesehen,The woman saw the dress,1432,3.41,420968,gesehen,das,seen,saw,Kleid,dress,sah,hat,Die Frau,Die Frau hat,Die Frau hat das Kleid
Ich habe das Kleid bekommen,I got the dress,1334,3.27,420968,bekommen,das,got,got,Kleid,dress,bekam,habe,Ich,Ich habe,Ich habe das Kleid
Er hat das Kleid bekommen,He got the dress,1334,3.27,420968,bekommen,das,got,got,Kleid,dress,bekam,hat,Er,Er hat,Er hat das Kleid
Der Mann hat das Kleid bekommen,The man got the dress,1334,3.27,420968,bekommen,das,got,got,Kleid,dress,bekam,hat,Der Mann,Der Mann hat,Der Mann hat das Kleid
Die Frau hat das Kleid bekommen,The woman got the dress,1334,3.27,420968,bekommen,das,got,got,Kleid,dress,bekam,hat,Die Frau,Die Frau hat,Die Frau hat das Kleid
Ich habe das Kleid bestellt,I ordered the dress,1109,5.93,420968,bestellt,das,ordered,ordered,Kleid,dress,bestellte,habe,Ich,Ich habe,Ich habe das Kleid
Er hat das Kleid bestellt,He ordered the dress,1109,5.93,420968,bestellt,das,ordered,ordered,Kleid,dress,bestellte,hat,Er,Er hat,Er hat das Kleid
Der Mann hat das Kleid bestellt,The man ordered the dress,1109,5.93,420968,bestellt,das,ordered,ordered,Kleid,dress,bestellte,hat,Der Mann,Der Mann hat,Der Mann hat das Kleid
Die Frau hat das Kleid bestellt,The woman ordered the dress,1109,5.93,420968,bestellt,das,ordered,ordered,Kleid,dress,bestellte,hat,Die Frau,Die Frau hat,Die Frau hat das Kleid
Ich habe das Kleid genommen,I took the dress,1017,2.53,420968,genommen,das,taken,took,Kleid,dress,nahm,habe,Ich,Ich habe,Ich habe das Kleid
Er hat das Kleid genommen,He took the dress,1017,2.53,420968,genommen,das,taken,took,Kleid,dress,nahm,hat,Er,Er hat,Er hat das Kleid
Der Mann hat das Kleid genommen,The man took the dress,1017,2.53,420968,genommen,das,taken,took,Kleid,dress,nahm,hat,Der Mann,Der Mann hat,Der Mann hat das Kleid
Die Frau hat das Kleid genommen,The woman took the dress,1017,2.53,420968,genommen,das,taken,took,Kleid,dress,nahm,hat,Die Frau,Die Frau hat,Die Frau hat das Kleid
Ich habe das Kleid gewählt,I chose the dress,820,4.44,420968,gewählt,das,chosen,chose,Kleid,dress,wählte,habe,Ich,Ich habe,Ich habe das Kleid
Er hat das Kleid gewählt,He chose the dress,820,4.44,420968,gewählt,das,chosen,chose,Kleid,dress,wählte,hat,Er,Er hat,Er hat das Kleid
Der Mann hat das Kleid gewählt,The man chose the dress,820,4.44,420968,gewählt,das,chosen,chose,Kleid,dress,wählte,hat,Der Mann,Der Mann hat,Der Mann hat das Kleid
Die Frau hat das Kleid gewählt,The woman chose the dress,820,4.44,420968,gewählt,das,chosen,chose,Kleid,dress,wählte,hat,Die Frau,Die Frau hat,Die Frau hat das Kleid
Ich habe das Kleid gezeigt,I showed the dress,739,2.92,420968,gezeigt,das,shown,showed,Kleid,dress,zeigte,habe,Ich,Ich habe,Ich habe das Kleid
Er hat das Kleid gezeigt,He showed the dress,739,2.92,420968,gezeigt,das,shown,showed,Kleid,dress,zeigte,hat,Er,Er hat,Er hat das Kleid
Der Mann hat das Kleid gezeigt,The man showed the dress,739,2.92,420968,gezeigt,das,shown,showed,Kleid,dress,zeigte,hat,Der Mann,Der Mann hat,Der Mann hat das Kleid
Die Frau hat das Kleid gezeigt,The woman showed the dress,739,2.92,420968,gezeigt,das,shown,showed,Kleid,dress,zeigte,hat,Die Frau,Die Frau hat,Die Frau hat das Kleid
Ich habe das Kleid erhalten,I received the dress,651,2.12,420968,erhalten,das,received,received,Kleid,dress,erhielt,habe,Ich,Ich habe,Ich habe das Kleid
Er hat das Kleid erhalten,He received the dress,651,2.12,420968,erhalten,das,received,received,Kleid,dress,erhielt,hat,Er,Er hat,Er hat das Kleid
Der Mann hat das Kleid erhalten,The man received the dress,651,2.12,420968,erhalten,das,received,received,Kleid,dress,erhielt,hat,Der Mann,Der Mann hat,Der Mann hat das Kleid
Die Frau hat das Kleid erhalten,The woman received the dress,651,2.12,420968,erhalten,das,received,received,Kleid,dress,erhielt,hat,Die Frau,Die Frau hat,Die Frau hat das Kleid
Ich habe das Kleid gehüllt,I wrapped the dress,577,7.37,420968,gehüllt,das,wrapped,wrapped,Kleid,dress,hüllte,habe,Ich,Ich habe,Ich habe das Kleid
Er hat das Kleid gehüllt,He wrapped the dress,577,7.37,420968,gehüllt,das,wrapped,wrapped,Kleid,dress,hüllte,hat,Er,Er hat,Er hat das Kleid
Der Mann hat das Kleid gehüllt,The man wrapped the dress,577,7.37,420968,gehüllt,das,wrapped,wrapped,Kleid,dress,hüllte,hat,Der Mann,Der Mann hat,Der Mann hat das Kleid
Die Frau hat das Kleid gehüllt,The woman wrapped the dress,577,7.37,420968,gehüllt,das,wrapped,wrapped,Kleid,dress,hüllte,hat,Die Frau,Die Frau hat,Die Frau hat das Kleid
Ich habe das Kleid geschneidert,I tailored the dress,495,7.37,420968,geschneidert,das,tailored,tailored,Kleid,dress,schneiderte,habe,Ich,Ich habe,Ich habe das Kleid
Er hat das Kleid geschneidert,He tailored the dress,495,7.37,420968,geschneidert,das,tailored,tailored,Kleid,dress,schneiderte,hat,Er,Er hat,Er hat das Kleid
Der Mann hat das Kleid geschneidert,The man tailored the dress,495,7.37,420968,geschneidert,das,tailored,tailored,Kleid,dress,schneiderte,hat,Der Mann,Der Mann hat,Der Mann hat das Kleid
Die Frau hat das Kleid geschneidert,The woman tailored the dress,495,7.37,420968,geschneidert,das,tailored,tailored,Kleid,dress,schneiderte,hat,Die Frau,Die Frau hat,Die Frau hat das Kleid
Ich habe das Kleid angehabt,I wore the dress,493,7.31,420968,angehabt,das,worn,wore,Kleid,dress,hatte an,habe,Ich,Ich habe,Ich habe das Kleid
Er hat das Kleid angehabt,He wore the dress,493,7.31,420968,angehabt,das,worn,wore,Kleid,dress,hatte an,hat,Er,Er hat,Er hat das Kleid
Der Mann hat das Kleid angehabt,The man wore the dress,493,7.31,420968,angehabt,das,worn,wore,Kleid,dress,hatte an,hat,Der Mann,Der Mann hat,Der Mann hat das Kleid
Die Frau hat das Kleid angehabt,The woman wore the dress,493,7.31,420968,angehabt,das,worn,wore,Kleid,dress,hatte an,hat,Die Frau,Die Frau hat,Die Frau hat das Kleid
Ich habe das Kleid geworfen,I threw the dress,491,3.93,420968,geworfen,das,thrown,threw,Kleid,dress,warf,habe,Ich,Ich habe,Ich habe das Kleid
Er hat das Kleid geworfen,He threw the dress,491,3.93,420968,geworfen,das,thrown,threw,Kleid,dress,warf,hat,Er,Er hat,Er hat das Kleid
Der Mann hat das Kleid geworfen,The man threw the dress,491,3.93,420968,geworfen,das,thrown,threw,Kleid,dress,warf,hat,Der Mann,Der Mann hat,Der Mann hat das Kleid
Die Frau hat das Kleid geworfen,The woman threw the dress,491,3.93,420968,geworfen,das,thrown,threw,Kleid,dress,warf,hat,Die Frau,Die Frau hat,Die Frau hat das Kleid
Ich habe das Kleid ausgesucht,I chose the dress,390,5.78,420968,ausgesucht,das,chosen,chose,Kleid,dress,suchte aus,habe,Ich,Ich habe,Ich habe das Kleid
Er hat das Kleid ausgesucht,He chose the dress,390,5.78,420968,ausgesucht,das,chosen,chose,Kleid,dress,suchte aus,hat,Er,Er hat,Er hat das Kleid
Der Mann hat das Kleid ausgesucht,The man chose the dress,390,5.78,420968,ausgesucht,das,chosen,chose,Kleid,dress,suchte aus,hat,Der Mann,Der Mann hat,Der Mann hat das Kleid
Die Frau hat das Kleid ausgesucht,The woman chose the dress,390,5.78,420968,ausgesucht,das,chosen,chose,Kleid,dress,suchte aus,hat,Die Frau,Die Frau hat,Die Frau hat das Kleid
Ich habe das Kleid entdeckt,I discovered the dress,311,3.23,420968,entdeckt,das,discovered,discovered,Kleid,dress,entdeckte,habe,Ich,Ich habe,Ich habe das Kleid
Er hat das Kleid entdeckt,He discovered the dress,311,3.23,420968,entdeckt,das,discovered,discovered,Kleid,dress,entdeckte,hat,Er,Er hat,Er hat das Kleid
Der Mann hat das Kleid entdeckt,The man discovered the dress,311,3.23,420968,entdeckt,das,discovered,discovered,Kleid,dress,entdeckte,hat,Der Mann,Der Mann hat,Der Mann hat das Kleid
Die Frau hat das Kleid entdeckt,The woman discovered the dress,311,3.23,420968,entdeckt,das,discovered,discovered,Kleid,dress,entdeckte,hat,Die Frau,Die Frau hat,Die Frau hat das Kleid
Ich habe das Kleid geschenkt,I gifted the dress,291,4.2,420968,geschenkt,das,gifted,gifted,Kleid,dress,schenkte,habe,Ich,Ich habe,Ich habe das Kleid
Er hat das Kleid geschenkt,He gifted the dress,291,4.2,420968,geschenkt,das,gifted,gifted,Kleid,dress,schenkte,hat,Er,Er hat,Er hat das Kleid
Der Mann hat das Kleid geschenkt,The man gifted the dress,291,4.2,420968,geschenkt,das,gifted,gifted,Kleid,dress,schenkte,hat,Der Mann,Der Mann hat,Der Mann hat das Kleid
Die Frau hat das Kleid geschenkt,The woman gifted the dress,291,4.2,420968,geschenkt,das,gifted,gifted,Kleid,dress,schenkte,hat,Die Frau,Die Frau hat,Die Frau hat das Kleid
Ich habe das Kleid präsentiert,I presented the dress,280,3.57,420968,präsentiert,das,presented,presented,Kleid,dress,präsentierte,habe,Ich,Ich habe,Ich habe das Kleid
Er hat das Kleid präsentiert,He presented the dress,280,3.57,420968,präsentiert,das,presented,presented,Kleid,dress,präsentierte,hat,Er,Er hat,Er hat das Kleid
Der Mann hat das Kleid präsentiert,The man presented the dress,280,3.57,420968,präsentiert,das,presented,presented,Kleid,dress,präsentierte,hat,Der Mann,Der Mann hat,Der Mann hat das Kleid
Die Frau hat das Kleid präsentiert,The woman presented the dress,280,3.57,420968,präsentiert,das,presented,presented,Kleid,dress,präsentierte,hat,Die Frau,Die Frau hat,Die Frau hat das Kleid
Ich habe das Kleid ausgewählt,I chose the dress,259,4.24,420968,ausgewählt,das,chosen,chose,Kleid,dress,wählte aus,habe,Ich,Ich habe,Ich habe das Kleid
Er hat das Kleid ausgewählt,He chose the dress,259,4.24,420968,ausgewählt,das,chosen,chose,Kleid,dress,wählte aus,hat,Er,Er hat,Er hat das Kleid
Der Mann hat das Kleid ausgewählt,The man chose the dress,259,4.24,420968,ausgewählt,das,chosen,chose,Kleid,dress,wählte aus,hat,Der Mann,Der Mann hat,Der Mann hat das Kleid
Die Frau hat das Kleid ausgewählt,The woman chose the dress,259,4.24,420968,ausgewählt,das,chosen,chose,Kleid,dress,wählte aus,hat,Die Frau,Die Frau hat,Die Frau hat das Kleid
Ich habe das Kleid gepackt,I packed the dress,209,4.37,420968,gepackt,das,packed,packed,Kleid,dress,packte,habe,Ich,Ich habe,Ich habe das Kleid
Er hat das Kleid gepackt,He packed the dress,209,4.37,420968,gepackt,das,packed,packed,Kleid,dress,packte,hat,Er,Er hat,Er hat das Kleid
Der Mann hat das Kleid gepackt,The man packed the dress,209,4.37,420968,gepackt,das,packed,packed,Kleid,dress,packte,hat,Der Mann,Der Mann hat,Der Mann hat das Kleid
Die Frau hat das Kleid gepackt,The woman packed the dress,209,4.37,420968,gepackt,das,packed,packed,Kleid,dress,packte,hat,Die Frau,Die Frau hat,Die Frau hat das Kleid
Ich habe das Kleid gefertigt,I manufactured the dress,205,5.05,420968,gefertigt,das,manufactured,manufactured,Kleid,dress,fertigte,habe,Ich,Ich habe,Ich habe das Kleid
Er hat das Kleid gefertigt,He manufactured the dress,205,5.05,420968,gefertigt,das,manufactured,manufactured,Kleid,dress,fertigte,hat,Er,Er hat,Er hat das Kleid
Der Mann hat das Kleid gefertigt,The man manufactured the dress,205,5.05,420968,gefertigt,das,manufactured,manufactured,Kleid,dress,fertigte,hat,Der Mann,Der Mann hat,Der Mann hat das Kleid
Die Frau hat das Kleid gefertigt,The woman manufactured the dress,205,5.05,420968,gefertigt,das,manufactured,manufactured,Kleid,dress,fertigte,hat,Die Frau,Die Frau hat,Die Frau hat das Kleid
Ich habe das Kleid verpasst,I missed the dress,201,4.17,420968,verpasst,das,missed,missed,Kleid,dress,verpasste,habe,Ich,Ich habe,Ich habe das Kleid
Er hat das Kleid verpasst,He missed the dress,201,4.17,420968,verpasst,das,missed,missed,Kleid,dress,verpasste,hat,Er,Er hat,Er hat das Kleid
Der Mann hat das Kleid verpasst,The man missed the dress,201,4.17,420968,verpasst,das,missed,missed,Kleid,dress,verpasste,hat,Der Mann,Der Mann hat,Der Mann hat das Kleid
Die Frau hat das Kleid verpasst,The woman missed the dress,201,4.17,420968,verpasst,das,missed,missed,Kleid,dress,verpasste,hat,Die Frau,Die Frau hat,Die Frau hat das Kleid
Ich habe das Kleid geöffnet,I opened the dress,182,2.56,420968,geöffnet,das,opened,opened,Kleid,dress,öffnete,habe,Ich,Ich habe,Ich habe das Kleid
Er hat das Kleid geöffnet,He opened the dress,182,2.56,420968,geöffnet,das,opened,opened,Kleid,dress,öffnete,hat,Er,Er hat,Er hat das Kleid
Der Mann hat das Kleid geöffnet,The man opened the dress,182,2.56,420968,geöffnet,das,opened,opened,Kleid,dress,öffnete,hat,Der Mann,Der Mann hat,Der Mann hat das Kleid
Die Frau hat das Kleid geöffnet,The woman opened the dress,182,2.56,420968,geöffnet,das,opened,opened,Kleid,dress,öffnete,hat,Die Frau,Die Frau hat,Die Frau hat das Kleid
Ich habe das Kleid gesetzt,I set the dress,179,1.08,420968,gesetzt,das,set,set,Kleid,dress,setzte,habe,Ich,Ich habe,Ich habe das Kleid
Er hat das Kleid gesetzt,He set the dress,179,1.08,420968,gesetzt,das,set,set,Kleid,dress,setzte,hat,Er,Er hat,Er hat das Kleid
Der Mann hat das Kleid gesetzt,The man set the dress,179,1.08,420968,gesetzt,das,set,set,Kleid,dress,setzte,hat,Der Mann,Der Mann hat,Der Mann hat das Kleid
Die Frau hat das Kleid gesetzt,The woman set the dress,179,1.08,420968,gesetzt,das,set,set,Kleid,dress,setzte,hat,Die Frau,Die Frau hat,Die Frau hat das Kleid
Ich habe das Kleid vorgestellt,I presented the dress,176,3.07,420968,vorgestellt,das,presented,presented,Kleid,dress,stellte vor,habe,Ich,Ich habe,Ich habe das Kleid
Er hat das Kleid vorgestellt,He presented the dress,176,3.07,420968,vorgestellt,das,presented,presented,Kleid,dress,stellte vor,hat,Er,Er hat,Er hat das Kleid
Der Mann hat das Kleid vorgestellt,The man presented the dress,176,3.07,420968,vorgestellt,das,presented,presented,Kleid,dress,stellte vor,hat,Der Mann,Der Mann hat,Der Mann hat das Kleid
Die Frau hat das Kleid vorgestellt,The woman presented the dress,176,3.07,420968,vorgestellt,das,presented,presented,Kleid,dress,stellte vor,hat,Die Frau,Die Frau hat,Die Frau hat das Kleid
Ich habe das Kleid benötigt,I required the dress,160,1.7,420968,benötigt,das,required,required,Kleid,dress,benötigte,habe,Ich,Ich habe,Ich habe das Kleid
Er hat das Kleid benötigt,He required the dress,160,1.7,420968,benötigt,das,required,required,Kleid,dress,benötigte,hat,Er,Er hat,Er hat das Kleid
Der Mann hat das Kleid benötigt,The man required the dress,160,1.7,420968,benötigt,das,required,required,Kleid,dress,benötigte,hat,Der Mann,Der Mann hat,Der Mann hat das Kleid
Die Frau hat das Kleid benötigt,The woman required the dress,160,1.7,420968,benötigt,das,required,required,Kleid,dress,benötigte,hat,Die Frau,Die Frau hat,Die Frau hat das Kleid
Ich habe das Kleid ausgeführt,I wore the dress,143,3.83,420968,ausgeführt,das,worn,wore,Kleid,dress,führte aus,habe,Ich,Ich habe,Ich habe das Kleid
Er hat das Kleid ausgeführt,He wore the dress,143,3.83,420968,ausgeführt,das,worn,wore,Kleid,dress,führte aus,hat,Er,Er hat,Er hat das Kleid
Der Mann hat das Kleid ausgeführt,The man wore the dress,143,3.83,420968,ausgeführt,das,worn,wore,Kleid,dress,führte aus,hat,Der Mann,Der Mann hat,Der Mann hat das Kleid
Die Frau hat das Kleid ausgeführt,The woman wore the dress,143,3.83,420968,ausgeführt,das,worn,wore,Kleid,dress,führte aus,hat,Die Frau,Die Frau hat,Die Frau hat das Kleid
Ich habe das Kleid verloren,I lost the dress,138,1.62,420968,verloren,das,lost,lost,Kleid,dress,verlor,habe,Ich,Ich habe,Ich habe das Kleid
Er hat das Kleid verloren,He lost the dress,138,1.62,420968,verloren,das,lost,lost,Kleid,dress,verlor,hat,Er,Er hat,Er hat das Kleid
Der Mann hat das Kleid verloren,The man lost the dress,138,1.62,420968,verloren,das,lost,lost,Kleid,dress,verlor,hat,Der Mann,Der Mann hat,Der Mann hat das Kleid
Die Frau hat das Kleid verloren,The woman lost the dress,138,1.62,420968,verloren,das,lost,lost,Kleid,dress,verlor,hat,Die Frau,Die Frau hat,Die Frau hat das Kleid
Ich habe das Kleid geändert,I changed the dress,137,2.48,420968,geändert,das,changed,changed,Kleid,dress,änderte,habe,Ich,Ich habe,Ich habe das Kleid
Er hat das Kleid geändert,He changed the dress,137,2.48,420968,geändert,das,changed,changed,Kleid,dress,änderte,hat,Er,Er hat,Er hat das Kleid
Der Mann hat das Kleid geändert,The man changed the dress,137,2.48,420968,geändert,das,changed,changed,Kleid,dress,änderte,hat,Der Mann,Der Mann hat,Der Mann hat das Kleid
Die Frau hat das Kleid geändert,The woman changed the dress,137,2.48,420968,geändert,das,changed,changed,Kleid,dress,änderte,hat,Die Frau,Die Frau hat,Die Frau hat das Kleid
Ich habe das Kleid behalten,I kept the dress,127,2.76,420968,behalten,das,kept,kept,Kleid,dress,behielt,habe,Ich,Ich habe,Ich habe das Kleid
Er hat das Kleid behalten,He kept the dress,127,2.76,420968,behalten,das,kept,kept,Kleid,dress,behielt,hat,Er,Er hat,Er hat das Kleid
Der Mann hat das Kleid behalten,The man kept the dress,127,2.76,420968,behalten,das,kept,kept,Kleid,dress,behielt,hat,Der Mann,Der Mann hat,Der Mann hat das Kleid
Die Frau hat das Kleid behalten,The woman kept the dress,127,2.76,420968,behalten,das,kept,kept,Kleid,dress,behielt,hat,Die Frau,Die Frau hat,Die Frau hat das Kleid
Ich habe das Kleid geschnitten,I cut the dress,126,3.3,420968,geschnitten,das,cut,cut,Kleid,dress,schnitt,habe,Ich,Ich habe,Ich habe das Kleid
Er hat das Kleid geschnitten,He cut the dress,126,3.3,420968,geschnitten,das,cut,cut,Kleid,dress,schnitt,hat,Er,Er hat,Er hat das Kleid
Der Mann hat das Kleid geschnitten,The man cut the dress,126,3.3,420968,geschnitten,das,cut,cut,Kleid,dress,schnitt,hat,Der Mann,Der Mann hat,Der Mann hat das Kleid
Die Frau hat das Kleid geschnitten,The woman cut the dress,126,3.3,420968,geschnitten,das,cut,cut,Kleid,dress,schnitt,hat,Die Frau,Die Frau hat,Die Frau hat das Kleid
Ich habe das Kleid besorgt,I got the dress,124,4.11,420968,besorgt,das,got,got,Kleid,dress,besorgte,habe,Ich,Ich habe,Ich habe das Kleid
Er hat das Kleid besorgt,He got the dress,124,4.11,420968,besorgt,das,got,got,Kleid,dress,besorgte,hat,Er,Er hat,Er hat das Kleid
Der Mann hat das Kleid besorgt,The man got the dress,124,4.11,420968,besorgt,das,got,got,Kleid,dress,besorgte,hat,Der Mann,Der Mann hat,Der Mann hat das Kleid
Die Frau hat das Kleid besorgt,The woman got the dress,124,4.11,420968,besorgt,das,got,got,Kleid,dress,besorgte,hat,Die Frau,Die Frau hat,Die Frau hat das Kleid
Ich habe das Spiel gewonnen,I won the game,68577,9.76,5774929,gewonnen,das,won,won,Spiel,game,gewann,habe,Ich,Ich habe,Ich habe das Spiel
Er hat das Spiel gewonnen,He won the game,68577,9.76,5774929,gewonnen,das,won,won,Spiel,game,gewann,hat,Er,Er hat,Er hat das Spiel
Der Mann hat das Spiel gewonnen,The man won the game,68577,9.76,5774929,gewonnen,das,won,won,Spiel,game,gewann,hat,Der Mann,Der Mann hat,Der Mann hat das Spiel
Die Frau hat das Spiel gewonnen,The woman won the game,68577,9.76,5774929,gewonnen,das,won,won,Spiel,game,gewann,hat,Die Frau,Die Frau hat,Die Frau hat das Spiel
Ich habe das Spiel gemacht,I made the game,42396,6.68,5774929,gemacht,das,made,made,Spiel,game,machte,habe,Ich,Ich habe,Ich habe das Spiel
Er hat das Spiel gemacht,He made the game,42396,6.68,5774929,gemacht,das,made,made,Spiel,game,machte,hat,Er,Er hat,Er hat das Spiel
Der Mann hat das Spiel gemacht,The man made the game,42396,6.68,5774929,gemacht,das,made,made,Spiel,game,machte,hat,Der Mann,Der Mann hat,Der Mann hat das Spiel
Die Frau hat das Spiel gemacht,The woman made the game,42396,6.68,5774929,gemacht,das,made,made,Spiel,game,machte,hat,Die Frau,Die Frau hat,Die Frau hat das Spiel
Ich habe das Spiel verloren,I lost the game,26316,8.46,5774929,verloren,das,lost,lost,Spiel,game,verlor,habe,Ich,Ich habe,Ich habe das Spiel
Er hat das Spiel verloren,He lost the game,26316,8.46,5774929,verloren,das,lost,lost,Spiel,game,verlor,hat,Er,Er hat,Er hat das Spiel
Der Mann hat das Spiel verloren,The man lost the game,26316,8.46,5774929,verloren,das,lost,lost,Spiel,game,verlor,hat,Der Mann,Der Mann hat,Der Mann hat das Spiel
Die Frau hat das Spiel verloren,The woman lost the game,26316,8.46,5774929,verloren,das,lost,lost,Spiel,game,verlor,hat,Die Frau,Die Frau hat,Die Frau hat das Spiel
Ich habe das Spiel gesehen,I saw the game,20910,7.0,5774929,gesehen,das,seen,saw,Spiel,game,sah,habe,Ich,Ich habe,Ich habe das Spiel
Er hat das Spiel gesehen,He saw the game,20910,7.0,5774929,gesehen,das,seen,saw,Spiel,game,sah,hat,Er,Er hat,Er hat das Spiel
Der Mann hat das Spiel gesehen,The man saw the game,20910,7.0,5774929,gesehen,das,seen,saw,Spiel,game,sah,hat,Der Mann,Der Mann hat,Der Mann hat das Spiel
Die Frau hat das Spiel gesehen,The woman saw the game,20910,7.0,5774929,gesehen,das,seen,saw,Spiel,game,sah,hat,Die Frau,Die Frau hat,Die Frau hat das Spiel
Ich habe das Spiel gedreht,I turned the game,14813,8.35,5774929,gedreht,das,turned,turned,Spiel,game,drehte,habe,Ich,Ich habe,Ich habe das Spiel
Er hat das Spiel gedreht,He turned the game,14813,8.35,5774929,gedreht,das,turned,turned,Spiel,game,drehte,hat,Er,Er hat,Er hat das Spiel
Der Mann hat das Spiel gedreht,The man turned the game,14813,8.35,5774929,gedreht,das,turned,turned,Spiel,game,drehte,hat,Der Mann,Der Mann hat,Der Mann hat das Spiel
Die Frau hat das Spiel gedreht,The woman turned the game,14813,8.35,5774929,gedreht,das,turned,turned,Spiel,game,drehte,hat,Die Frau,Die Frau hat,Die Frau hat das Spiel
Ich habe das Spiel bestritten,I played the game,12351,8.4,5774929,bestritten,das,played,played,Spiel,game,bestritt,habe,Ich,Ich habe,Ich habe das Spiel
Er hat das Spiel bestritten,He played the game,12351,8.4,5774929,bestritten,das,played,played,Spiel,game,bestritt,hat,Er,Er hat,Er hat das Spiel
Der Mann hat das Spiel bestritten,The man played the game,12351,8.4,5774929,bestritten,das,played,played,Spiel,game,bestritt,hat,Der Mann,Der Mann hat,Der Mann hat das Spiel
Die Frau hat das Spiel bestritten,The woman played the game,12351,8.4,5774929,bestritten,das,played,played,Spiel,game,bestritt,hat,Die Frau,Die Frau hat,Die Frau hat das Spiel
Ich habe das Spiel gebracht,I brought the game,11521,5.94,5774929,gebracht,das,brought,brought,Spiel,game,brachte,habe,Ich,Ich habe,Ich habe das Spiel
Er hat das Spiel gebracht,He brought the game,11521,5.94,5774929,gebracht,das,brought,brought,Spiel,game,brachte,hat,Er,Er hat,Er hat das Spiel
Der Mann hat das Spiel gebracht,The man brought the game,11521,5.94,5774929,gebracht,das,brought,brought,Spiel,game,brachte,hat,Der Mann,Der Mann hat,Der Mann hat das Spiel
Die Frau hat das Spiel gebracht,The woman brought the game,11521,5.94,5774929,gebracht,das,brought,brought,Spiel,game,brachte,hat,Die Frau,Die Frau hat,Die Frau hat das Spiel
Ich habe das Spiel gekauft,I bought the game,11233,7.09,5774929,gekauft,das,bought,bought,Spiel,game,kaufte,habe,Ich,Ich habe,Ich habe das Spiel
Er hat das Spiel gekauft,He bought the game,11233,7.09,5774929,gekauft,das,bought,bought,Spiel,game,kaufte,hat,Er,Er hat,Er hat das Spiel
Der Mann hat das Spiel gekauft,The man bought the game,11233,7.09,5774929,gekauft,das,bought,bought,Spiel,game,kaufte,hat,Der Mann,Der Mann hat,Der Mann hat das Spiel
Die Frau hat das Spiel gekauft,The woman bought the game,11233,7.09,5774929,gekauft,das,bought,bought,Spiel,game,kaufte,hat,Die Frau,Die Frau hat,Die Frau hat das Spiel
Ich habe das Spiel gezeigt,I showed the game,10813,6.41,5774929,gezeigt,das,shown,showed,Spiel,game,zeigte,habe,Ich,Ich habe,Ich habe das Spiel
Er hat das Spiel gezeigt,He showed the game,10813,6.41,5774929,gezeigt,das,shown,showed,Spiel,game,zeigte,hat,Er,Er hat,Er hat das Spiel
Der Mann hat das Spiel gezeigt,The man showed the game,10813,6.41,5774929,gezeigt,das,shown,showed,Spiel,game,zeigte,hat,Der Mann,Der Mann hat,Der Mann hat das Spiel
Die Frau hat das Spiel gezeigt,The woman showed the game,10813,6.41,5774929,gezeigt,das,shown,showed,Spiel,game,zeigte,hat,Die Frau,Die Frau hat,Die Frau hat das Spiel
Ich habe das Spiel gestartet,I started the game,10617,7.55,5774929,gestartet,das,started,started,Spiel,game,startete,habe,Ich,Ich habe,Ich habe das Spiel
Er hat das Spiel gestartet,He started the game,10617,7.55,5774929,gestartet,das,started,started,Spiel,game,startete,hat,Er,Er hat,Er hat das Spiel
Der Mann hat das Spiel gestartet,The man started the game,10617,7.55,5774929,gestartet,das,started,started,Spiel,game,startete,hat,Der Mann,Der Mann hat,Der Mann hat das Spiel
Die Frau hat das Spiel gestartet,The woman started the game,10617,7.55,5774929,gestartet,das,started,started,Spiel,game,startete,hat,Die Frau,Die Frau hat,Die Frau hat das Spiel
Ich habe das Spiel begonnen,I began the game,10304,7.48,5774929,begonnen,das,begun,began,Spiel,game,begann,habe,Ich,Ich habe,Ich habe das Spiel
Er hat das Spiel begonnen,He began the game,10304,7.48,5774929,begonnen,das,begun,began,Spiel,game,begann,hat,Er,Er hat,Er hat das Spiel
Der Mann hat das Spiel begonnen,The man began the game,10304,7.48,5774929,begonnen,das,begun,began,Spiel,game,begann,hat,Der Mann,Der Mann hat,Der Mann hat das Spiel
Die Frau hat das Spiel begonnen,The woman began the game,10304,7.48,5774929,begonnen,das,begun,began,Spiel,game,begann,hat,Die Frau,Die Frau hat,Die Frau hat das Spiel
Ich habe das Spiel entwickelt,I developed the game,9583,6.8,5774929,entwickelt,das,developed,developed,Spiel,game,entwickelte,habe,Ich,Ich habe,Ich habe das Spiel
Er hat das Spiel entwickelt,He developed the game,9583,6.8,5774929,entwickelt,das,developed,developed,Spiel,game,entwickelte,hat,Er,Er hat,Er hat das Spiel
Der Mann hat das Spiel entwickelt,The man developed the game,9583,6.8,5774929,entwickelt,das,developed,developed,Spiel,game,entwickelte,hat,Der Mann,Der Mann hat,Der Mann hat das Spiel
Die Frau hat das Spiel entwickelt,The woman developed the game,9583,6.8,5774929,entwickelt,das,developed,developed,Spiel,game,entwickelte,hat,Die Frau,Die Frau hat,Die Frau hat das Spiel
Ich habe das Spiel gestaltet,I designed the game,9065,7.31,5774929,gestaltet,das,designed,designed,Spiel,game,gestaltete,habe,Ich,Ich habe,Ich habe das Spiel
Er hat das Spiel gestaltet,He designed the game,9065,7.31,5774929,gestaltet,das,designed,designed,Spiel,game,gestaltete,hat,Er,Er hat,Er hat das Spiel
Der Mann hat das Spiel gestaltet,The man designed the game,9065,7.31,5774929,gestaltet,das,designed,designed,Spiel,game,gestaltete,hat,Der Mann,Der Mann hat,Der Mann hat das Spiel
Die Frau hat das Spiel gestaltet,The woman designed the game,9065,7.31,5774929,gestaltet,das,designed,designed,Spiel,game,gestaltete,hat,Die Frau,Die Frau hat,Die Frau hat das Spiel
Ich habe das Spiel bekommen,I got the game,8726,5.7,5774929,bekommen,das,got,got,Spiel,game,bekam,habe,Ich,Ich habe,Ich habe das Spiel
Er hat das Spiel bekommen,He got the game,8726,5.7,5774929,bekommen,das,got,got,Spiel,game,bekam,hat,Er,Er hat,Er hat das Spiel
Der Mann hat das Spiel bekommen,The man got the game,8726,5.7,5774929,bekommen,das,got,got,Spiel,game,bekam,hat,Der Mann,Der Mann hat,Der Mann hat das Spiel
Die Frau hat das Spiel bekommen,The woman got the game,8726,5.7,5774929,bekommen,das,got,got,Spiel,game,bekam,hat,Die Frau,Die Frau hat,Die Frau hat das Spiel
Ich habe das Spiel geboten,I offered the game,7872,5.13,5774929,geboten,das,offered,offered,Spiel,game,bot,habe,Ich,Ich habe,Ich habe das Spiel
Er hat das Spiel geboten,He offered the game,7872,5.13,5774929,geboten,das,offered,offered,Spiel,game,bot,hat,Er,Er hat,Er hat das Spiel
Der Mann hat das Spiel geboten,The man offered the game,7872,5.13,5774929,geboten,das,offered,offered,Spiel,game,bot,hat,Der Mann,Der Mann hat,Der Mann hat das Spiel
Die Frau hat das Spiel geboten,The woman offered the game,7872,5.13,5774929,geboten,das,offered,offered,Spiel,game,bot,hat,Die Frau,Die Frau hat,Die Frau hat das Spiel
Ich habe das Spiel verfolgt,I followed the game,7319,7.19,5774929,verfolgt,das,followed,followed,Spiel,game,verfolgte,habe,Ich,Ich habe,Ich habe das Spiel
Er hat das Spiel verfolgt,He followed the game,7319,7.19,5774929,verfolgt,das,followed,followed,Spiel,game,verfolgte,hat,Er,Er hat,Er hat das Spiel
Der Mann hat das Spiel verfolgt,The man followed the game,7319,7.19,5774929,verfolgt,das,followed,followed,Spiel,game,verfolgte,hat,Der Mann,Der Mann hat,Der Mann hat das Spiel
Die Frau hat das Spiel verfolgt,The woman followed the game,7319,7.19,5774929,verfolgt,das,followed,followed,Spiel,game,verfolgte,hat,Die Frau,Die Frau hat,Die Frau hat das Spiel
Ich habe das Spiel gekannt,I knew the game,7102,6.25,5774929,gekannt,das,known,knew,Spiel,game,kannte,habe,Ich,Ich habe,Ich habe das Spiel
Er hat das Spiel gekannt,He knew the game,7102,6.25,5774929,gekannt,das,known,knew,Spiel,game,kannte,hat,Er,Er hat,Er hat das Spiel
Der Mann hat das Spiel gekannt,The man knew the game,7102,6.25,5774929,gekannt,das,known,knew,Spiel,game,kannte,hat,Der Mann,Der Mann hat,Der Mann hat das Spiel
Die Frau hat das Spiel gekannt,The woman knew the game,7102,6.25,5774929,gekannt,das,known,knew,Spiel,game,kannte,hat,Die Frau,Die Frau hat,Die Frau hat das Spiel
Ich habe das Spiel genommen,I took the game,7006,5.1,5774929,genommen,das,taken,took,Spiel,game,nahm,habe,Ich,Ich habe,Ich habe das Spiel
Er hat das Spiel genommen,He took the game,7006,5.1,5774929,genommen,das,taken,took,Spiel,game,nahm,hat,Er,Er hat,Er hat das Spiel
Der Mann hat das Spiel genommen,The man took the game,7006,5.1,5774929,genommen,das,taken,took,Spiel,game,nahm,hat,Der Mann,Der Mann hat,Der Mann hat das Spiel
Die Frau hat das Spiel genommen,The woman took the game,7006,5.1,5774929,genommen,das,taken,took,Spiel,game,nahm,hat,Die Frau,Die Frau hat,Die Frau hat das Spiel
Ich habe das Spiel erwartet,I expected the game,4671,6.4,5774929,erwartet,das,expected,expected,Spiel,game,erwartete,habe,Ich,Ich habe,Ich habe das Spiel
Er hat das Spiel erwartet,He expected the game,4671,6.4,5774929,erwartet,das,expected,expected,Spiel,game,erwartete,hat,Er,Er hat,Er hat das Spiel
Der Mann hat das Spiel erwartet,The man expected the game,4671,6.4,5774929,erwartet,das,expected,expected,Spiel,game,erwartete,hat,Der Mann,Der Mann hat,Der Mann hat das Spiel
Die Frau hat das Spiel erwartet,The woman expected the game,4671,6.4,5774929,erwartet,das,expected,expected,Spiel,game,erwartete,hat,Die Frau,Die Frau hat,Die Frau hat das Spiel
Ich habe das Spiel genossen,I enjoyed the game,4279,5.87,5774929,genossen,das,enjoyed,enjoyed,Spiel,game,genoss,habe,Ich,Ich habe,Ich habe das Spiel
Er hat das Spiel genossen,He enjoyed the game,4279,5.87,5774929,genossen,das,enjoyed,enjoyed,Spiel,game,genoss,hat,Er,Er hat,Er hat das Spiel
Der Mann hat das Spiel genossen,The man enjoyed the game,4279,5.87,5774929,genossen,das,enjoyed,enjoyed,Spiel,game,genoss,hat,Der Mann,Der Mann hat,Der Mann hat das Spiel
Die Frau hat das Spiel genossen,The woman enjoyed the game,4279,5.87,5774929,genossen,das,enjoyed,enjoyed,Spiel,game,genoss,hat,Die Frau,Die Frau hat,Die Frau hat das Spiel
Ich habe das Spiel gesetzt,I set the game,4177,5.2,5774929,gesetzt,das,set,set,Spiel,game,setzte,habe,Ich,Ich habe,Ich habe das Spiel
Er hat das Spiel gesetzt,He set the game,4177,5.2,5774929,gesetzt,das,set,set,Spiel,game,setzte,hat,Er,Er hat,Er hat das Spiel
Der Mann hat das Spiel gesetzt,The man set the game,4177,5.2,5774929,gesetzt,das,set,set,Spiel,game,setzte,hat,Der Mann,Der Mann hat,Der Mann hat das Spiel
Die Frau hat das Spiel gesetzt,The woman set the game,4177,5.2,5774929,gesetzt,das,set,set,Spiel,game,setzte,hat,Die Frau,Die Frau hat,Die Frau hat das Spiel
Ich habe das Spiel erlebt,I experienced the game,4163,5.99,5774929,erlebt,das,experienced,experienced,Spiel,game,erlebte,habe,Ich,Ich habe,Ich habe das Spiel
Er hat das Spiel erlebt,He experienced the game,4163,5.99,5774929,erlebt,das,experienced,experienced,Spiel,game,erlebte,hat,Er,Er hat,Er hat das Spiel
Der Mann hat das Spiel erlebt,The man experienced the game,4163,5.99,5774929,erlebt,das,experienced,experienced,Spiel,game,erlebte,hat,Der Mann,Der Mann hat,Der Mann hat das Spiel
Die Frau hat das Spiel erlebt,The woman experienced the game,4163,5.99,5774929,erlebt,das,experienced,experienced,Spiel,game,erlebte,hat,Die Frau,Die Frau hat,Die Frau hat das Spiel
Ich habe das Spiel angeschaut,I watched the game,4158,6.61,5774929,angeschaut,das,watched,watched,Spiel,game,schaute an,habe,Ich,Ich habe,Ich habe das Spiel
Er hat das Spiel angeschaut,He watched the game,4158,6.61,5774929,angeschaut,das,watched,watched,Spiel,game,schaute an,hat,Er,Er hat,Er hat das Spiel
Der Mann hat das Spiel angeschaut,The man watched the game,4158,6.61,5774929,angeschaut,das,watched,watched,Spiel,game,schaute an,hat,Der Mann,Der Mann hat,Der Mann hat das Spiel
Die Frau hat das Spiel angeschaut,The woman watched the game,4158,6.61,5774929,angeschaut,das,watched,watched,Spiel,game,schaute an,hat,Die Frau,Die Frau hat,Die Frau hat das Spiel
Ich habe das Spiel bestimmt,I determined the game,4118,6.27,5774929,bestimmt,das,determined,determined,Spiel,game,bestimmte,habe,Ich,Ich habe,Ich habe das Spiel
Er hat das Spiel bestimmt,He determined the game,4118,6.27,5774929,bestimmt,das,determined,determined,Spiel,game,bestimmte,hat,Er,Er hat,Er hat das Spiel
Der Mann hat das Spiel bestimmt,The man determined the game,4118,6.27,5774929,bestimmt,das,determined,determined,Spiel,game,bestimmte,hat,Der Mann,Der Mann hat,Der Mann hat das Spiel
Die Frau hat das Spiel bestimmt,The woman determined the game,4118,6.27,5774929,bestimmt,das,determined,determined,Spiel,game,bestimmte,hat,Die Frau,Die Frau hat,Die Frau hat das Spiel
Ich habe das Spiel geschaut,I watched the game,3820,6.25,5774929,geschaut,das,watched,watched,Spiel,game,schaute,habe,Ich,Ich habe,Ich habe das Spiel
Er hat das Spiel geschaut,He watched the game,3820,6.25,5774929,geschaut,das,watched,watched,Spiel,game,schaute,hat,Er,Er hat,Er hat das Spiel
Der Mann hat das Spiel geschaut,The man watched the game,3820,6.25,5774929,geschaut,das,watched,watched,Spiel,game,schaute,hat,Der Mann,Der Mann hat,Der Mann hat das Spiel
Die Frau hat das Spiel geschaut,The woman watched the game,3820,6.25,5774929,geschaut,das,watched,watched,Spiel,game,schaute,hat,Die Frau,Die Frau hat,Die Frau hat das Spiel
Ich habe das Spiel kontrolliert,I controlled the game,3682,6.55,5774929,kontrolliert,das,controlled,controlled,Spiel,game,kontrollierte,habe,Ich,Ich habe,Ich habe das Spiel
Er hat das Spiel kontrolliert,He controlled the game,3682,6.55,5774929,kontrolliert,das,controlled,controlled,Spiel,game,kontrollierte,hat,Er,Er hat,Er hat das Spiel
Der Mann hat das Spiel kontrolliert,The man controlled the game,3682,6.55,5774929,kontrolliert,das,controlled,controlled,Spiel,game,kontrollierte,hat,Der Mann,Der Mann hat,Der Mann hat das Spiel
Die Frau hat das Spiel kontrolliert,The woman controlled the game,3682,6.55,5774929,kontrolliert,das,controlled,controlled,Spiel,game,kontrollierte,hat,Die Frau,Die Frau hat,Die Frau hat das Spiel
Ich habe das Spiel geschaffen,I created the game,3607,5.1,5774929,geschaffen,das,created,created,Spiel,game,schuf,habe,Ich,Ich habe,Ich habe das Spiel
Er hat das Spiel geschaffen,He created the game,3607,5.1,5774929,geschaffen,das,created,created,Spiel,game,schuf,hat,Er,Er hat,Er hat das Spiel
Der Mann hat das Spiel geschaffen,The man created the game,3607,5.1,5774929,geschaffen,das,created,created,Spiel,game,schuf,hat,Der Mann,Der Mann hat,Der Mann hat das Spiel
Die Frau hat das Spiel geschaffen,The woman created the game,3607,5.1,5774929,geschaffen,das,created,created,Spiel,game,schuf,hat,Die Frau,Die Frau hat,Die Frau hat das Spiel
Ich habe das Spiel geschafft,I created the game,3607,5.1,5774929,geschafft,das,created,created,Spiel,game,schaffte,habe,Ich,Ich habe,Ich habe das Spiel
Er hat das Spiel geschafft,He created the game,3607,5.1,5774929,geschafft,das,created,created,Spiel,game,schaffte,hat,Er,Er hat,Er hat das Spiel
Der Mann hat das Spiel geschafft,The man created the game,3607,5.1,5774929,geschafft,das,created,created,Spiel,game,schaffte,hat,Der Mann,Der Mann hat,Der Mann hat das Spiel
Die Frau hat das Spiel geschafft,The woman created the game,3607,5.1,5774929,geschafft,das,created,created,Spiel,game,schaffte,hat,Die Frau,Die Frau hat,Die Frau hat das Spiel
Ich habe das Spiel übertragen,I broadcast the game,3596,6.2,5774929,übertragen,das,broadcast,broadcast,Spiel,game,übertrug,habe,Ich,Ich habe,Ich habe das Spiel
Er hat das Spiel übertragen,He broadcast the game,3596,6.2,5774929,übertragen,das,broadcast,broadcast,Spiel,game,übertrug,hat,Er,Er hat,Er hat das Spiel
Der Mann hat das Spiel übertragen,The man broadcast the game,3596,6.2,5774929,übertragen,das,broadcast,broadcast,Spiel,game,übertrug,hat,Der Mann,Der Mann hat,Der Mann hat das Spiel
Die Frau hat das Spiel übertragen,The woman broadcast the game,3596,6.2,5774929,übertragen,das,broadcast,broadcast,Spiel,game,übertrug,hat,Die Frau,Die Frau hat,Die Frau hat das Spiel
Ich habe das Spiel gebraucht,I needed the game,3505,4.84,5774929,gebraucht,das,needed,needed,Spiel,game,brauchte,habe,Ich,Ich habe,Ich habe das Spiel
Er hat das Spiel gebraucht,He needed the game,3505,4.84,5774929,gebraucht,das,needed,needed,Spiel,game,brauchte,hat,Er,Er hat,Er hat das Spiel
Der Mann hat das Spiel gebraucht,The man needed the game,3505,4.84,5774929,gebraucht,das,needed,needed,Spiel,game,brauchte,hat,Der Mann,Der Mann hat,Der Mann hat das Spiel
Die Frau hat das Spiel gebraucht,The woman needed the game,3505,4.84,5774929,gebraucht,das,needed,needed,Spiel,game,brauchte,hat,Die Frau,Die Frau hat,Die Frau hat das Spiel
Ich habe das Spiel vorbereitet,I prepared the game,3332,6.11,5774929,vorbereitet,das,prepared,prepared,Spiel,game,bereitete vor,habe,Ich,Ich habe,Ich habe das Spiel
Er hat das Spiel vorbereitet,He prepared the game,3332,6.11,5774929,vorbereitet,das,prepared,prepared,Spiel,game,bereitete vor,hat,Er,Er hat,Er hat das Spiel
Der Mann hat das Spiel vorbereitet,The man prepared the game,3332,6.11,5774929,vorbereitet,das,prepared,prepared,Spiel,game,bereitete vor,hat,Der Mann,Der Mann hat,Der Mann hat das Spiel
Die Frau hat das Spiel vorbereitet,The woman prepared the game,3332,6.11,5774929,vorbereitet,das,prepared,prepared,Spiel,game,bereitete vor,hat,Die Frau,Die Frau hat,Die Frau hat das Spiel
Ich habe das Spiel veröffentlicht,I published the game,3295,5.93,5774929,veröffentlicht,das,published,published,Spiel,game,veröffentlichte,habe,Ich,Ich habe,Ich habe das Spiel
Er hat das Spiel veröffentlicht,He published the game,3295,5.93,5774929,veröffentlicht,das,published,published,Spiel,game,veröffentlichte,hat,Er,Er hat,Er hat das Spiel
Der Mann hat das Spiel veröffentlicht,The man published the game,3295,5.93,5774929,veröffentlicht,das,published,published,Spiel,game,veröffentlichte,hat,Der Mann,Der Mann hat,Der Mann hat das Spiel
Die Frau hat das Spiel veröffentlicht,The woman published the game,3295,5.93,5774929,veröffentlicht,das,published,published,Spiel,game,veröffentlichte,hat,Die Frau,Die Frau hat,Die Frau hat das Spiel
Ich habe das Spiel abgeliefert,I delivered the game,3275,6.6,5774929,abgeliefert,das,delivered,delivered,Spiel,game,lieferte ab,habe,Ich,Ich habe,Ich habe das Spiel
Er hat das Spiel abgeliefert,He delivered the game,3275,6.6,5774929,abgeliefert,das,delivered,delivered,Spiel,game,lieferte ab,hat,Er,Er hat,Er hat das Spiel
Der Mann hat das Spiel abgeliefert,The man delivered the game,3275,6.6,5774929,abgeliefert,das,delivered,delivered,Spiel,game,lieferte ab,hat,Der Mann,Der Mann hat,Der Mann hat das Spiel
Die Frau hat das Spiel abgeliefert,The woman delivered the game,3275,6.6,5774929,abgeliefert,das,delivered,delivered,Spiel,game,lieferte ab,hat,Die Frau,Die Frau hat,Die Frau hat das Spiel
Ich habe das Spiel angesehen,I watched the game,3246,6.11,5774929,angesehen,das,watched,watched,Spiel,game,sah an,habe,Ich,Ich habe,Ich habe das Spiel
Er hat das Spiel angesehen,He watched the game,3246,6.11,5774929,angesehen,das,watched,watched,Spiel,game,sah an,hat,Er,Er hat,Er hat das Spiel
Der Mann hat das Spiel angesehen,The man watched the game,3246,6.11,5774929,angesehen,das,watched,watched,Spiel,game,sah an,hat,Der Mann,Der Mann hat,Der Mann hat das Spiel
Die Frau hat das Spiel angesehen,The woman watched the game,3246,6.11,5774929,angesehen,das,watched,watched,Spiel,game,sah an,hat,Die Frau,Die Frau hat,Die Frau hat das Spiel
Ich habe das Spiel geliefert,I delivered the game,2982,5.45,5774929,geliefert,das,delivered,delivered,Spiel,game,lieferte,habe,Ich,Ich habe,Ich habe das Spiel
Er hat das Spiel geliefert,He delivered the game,2982,5.45,5774929,geliefert,das,delivered,delivered,Spiel,game,lieferte,hat,Er,Er hat,Er hat das Spiel
Der Mann hat das Spiel geliefert,The man delivered the game,2982,5.45,5774929,geliefert,das,delivered,delivered,Spiel,game,lieferte,hat,Der Mann,Der Mann hat,Der Mann hat das Spiel
Die Frau hat das Spiel geliefert,The woman delivered the game,2982,5.45,5774929,geliefert,das,delivered,delivered,Spiel,game,lieferte,hat,Die Frau,Die Frau hat,Die Frau hat das Spiel
Ich habe das Spiel gezogen,I pulled the game,2879,4.95,5774929,gezogen,das,pulled,pulled,Spiel,game,zog,habe,Ich,Ich habe,Ich habe das Spiel
Er hat das Spiel gezogen,He pulled the game,2879,4.95,5774929,gezogen,das,pulled,pulled,Spiel,game,zog,hat,Er,Er hat,Er hat das Spiel
Der Mann hat das Spiel gezogen,The man pulled the game,2879,4.95,5774929,gezogen,das,pulled,pulled,Spiel,game,zog,hat,Der Mann,Der Mann hat,Der Mann hat das Spiel
Die Frau hat das Spiel gezogen,The woman pulled the game,2879,4.95,5774929,gezogen,das,pulled,pulled,Spiel,game,zog,hat,Die Frau,Die Frau hat,Die Frau hat das Spiel
Ich habe das Spiel erhalten,I received the game,2779,3.96,5774929,erhalten,das,received,received,Spiel,game,erhielt,habe,Ich,Ich habe,Ich habe das Spiel
Er hat das Spiel erhalten,He received the game,2779,3.96,5774929,erhalten,das,received,received,Spiel,game,erhielt,hat,Er,Er hat,Er hat das Spiel
Der Mann hat das Spiel erhalten,The man received the game,2779,3.96,5774929,erhalten,das,received,received,Spiel,game,erhielt,hat,Der Mann,Der Mann hat,Der Mann hat das Spiel
Die Frau hat das Spiel erhalten,The woman received the game,2779,3.96,5774929,erhalten,das,received,received,Spiel,game,erhielt,hat,Die Frau,Die Frau hat,Die Frau hat das Spiel
Ich habe das Spiel installiert,I installed the game,2759,6.08,5774929,installiert,das,installed,installed,Spiel,game,installierte,habe,Ich,Ich habe,Ich habe das Spiel
Er hat das Spiel installiert,He installed the game,2759,6.08,5774929,installiert,das,installed,installed,Spiel,game,installierte,hat,Er,Er hat,Er hat das Spiel
Der Mann hat das Spiel installiert,The man installed the game,2759,6.08,5774929,installiert,das,installed,installed,Spiel,game,installierte,hat,Der Mann,Der Mann hat,Der Mann hat das Spiel
Die Frau hat das Spiel installiert,The woman installed the game,2759,6.08,5774929,installiert,das,installed,installed,Spiel,game,installierte,hat,Die Frau,Die Frau hat,Die Frau hat das Spiel
Ich habe das Spiel geleitet,I managed the game,2678,5.92,5774929,geleitet,das,managed,managed,Spiel,game,leitete,habe,Ich,Ich habe,Ich habe das Spiel
Er hat das Spiel geleitet,He managed the game,2678,5.92,5774929,geleitet,das,managed,managed,Spiel,game,leitete,hat,Er,Er hat,Er hat das Spiel
Der Mann hat das Spiel geleitet,The man managed the game,2678,5.92,5774929,geleitet,das,managed,managed,Spiel,game,leitete,hat,Der Mann,Der Mann hat,Der Mann hat das Spiel
Die Frau hat das Spiel geleitet,The woman managed the game,2678,5.92,5774929,geleitet,das,managed,managed,Spiel,game,leitete,hat,Die Frau,Die Frau hat,Die Frau hat das Spiel
Ich habe das Spiel unterbrochen,I interrupted the game,2665,6.24,5774929,unterbrochen,das,interrupted,interrupted,Spiel,game,unterbrach,habe,Ich,Ich habe,Ich habe das Spiel
Er hat das Spiel unterbrochen,He interrupted the game,2665,6.24,5774929,unterbrochen,das,interrupted,interrupted,Spiel,game,unterbrach,hat,Er,Er hat,Er hat das Spiel
Der Mann hat das Spiel unterbrochen,The man interrupted the game,2665,6.24,5774929,unterbrochen,das,interrupted,interrupted,Spiel,game,unterbrach,hat,Der Mann,Der Mann hat,Der Mann hat das Spiel
Die Frau hat das Spiel unterbrochen,The woman interrupted the game,2665,6.24,5774929,unterbrochen,das,interrupted,interrupted,Spiel,game,unterbrach,hat,Die Frau,Die Frau hat,Die Frau hat das Spiel
Ich habe das Spiel verpasst,I missed the game,2665,6.04,5774929,verpasst,das,missed,missed,Spiel,game,verpasste,habe,Ich,Ich habe,Ich habe das Spiel
Er hat das Spiel verpasst,He missed the game,2665,6.04,5774929,verpasst,das,missed,missed,Spiel,game,verpasste,hat,Er,Er hat,Er hat das Spiel
Der Mann hat das Spiel verpasst,The man missed the game,2665,6.04,5774929,verpasst,das,missed,missed,Spiel,game,verpasste,hat,Der Mann,Der Mann hat,Der Mann hat das Spiel
Die Frau hat das Spiel verpasst,The woman missed the game,2665,6.04,5774929,verpasst,das,missed,missed,Spiel,game,verpasste,hat,Die Frau,Die Frau hat,Die Frau hat das Spiel
Ich habe das Spiel verbessert,I bettered the game,2628,5.49,5774929,verbessert,das,bettered,bettered,Spiel,game,verbesserte,habe,Ich,Ich habe,Ich habe das Spiel
Er hat das Spiel verbessert,He bettered the game,2628,5.49,5774929,verbessert,das,bettered,bettered,Spiel,game,verbesserte,hat,Er,Er hat,Er hat das Spiel
Der Mann hat das Spiel verbessert,The man bettered the game,2628,5.49,5774929,verbessert,das,bettered,bettered,Spiel,game,verbesserte,hat,Der Mann,Der Mann hat,Der Mann hat das Spiel
Die Frau hat das Spiel verbessert,The woman bettered the game,2628,5.49,5774929,verbessert,das,bettered,bettered,Spiel,game,verbesserte,hat,Die Frau,Die Frau hat,Die Frau hat das Spiel
Ich habe das Spiel geholt,I took the game,2533,5.4,5774929,geholt,das,taken,took,Spiel,game,holte,habe,Ich,Ich habe,Ich habe das Spiel
Er hat das Spiel geholt,He took the game,2533,5.4,5774929,geholt,das,taken,took,Spiel,game,holte,hat,Er,Er hat,Er hat das Spiel
Der Mann hat das Spiel geholt,The man took the game,2533,5.4,5774929,geholt,das,taken,took,Spiel,game,holte,hat,Der Mann,Der Mann hat,Der Mann hat das Spiel
Die Frau hat das Spiel geholt,The woman took the game,2533,5.4,5774929,geholt,das,taken,took,Spiel,game,holte,hat,Die Frau,Die Frau hat,Die Frau hat das Spiel
Ich habe das Spiel besucht,I visited the game,2257,5.18,5774929,besucht,das,visited,visited,Spiel,game,besuchte,habe,Ich,Ich habe,Ich habe das Spiel
Er hat das Spiel besucht,He visited the game,2257,5.18,5774929,besucht,das,visited,visited,Spiel,game,besuchte,hat,Er,Er hat,Er hat das Spiel
Der Mann hat das Spiel besucht,The man visited the game,2257,5.18,5774929,besucht,das,visited,visited,Spiel,game,besuchte,hat,Der Mann,Der Mann hat,Der Mann hat das Spiel
Die Frau hat das Spiel besucht,The woman visited the game,2257,5.18,5774929,besucht,das,visited,visited,Spiel,game,besuchte,hat,Die Frau,Die Frau hat,Die Frau hat das Spiel
Ich habe das Spiel verlassen,I left the game,2241,5.12,5774929,verlassen,das,left,left,Spiel,game,verließ,habe,Ich,Ich habe,Ich habe das Spiel
Er hat das Spiel verlassen,He left the game,2241,5.12,5774929,verlassen,das,left,left,Spiel,game,verließ,hat,Er,Er hat,Er hat das Spiel
Der Mann hat das Spiel verlassen,The man left the game,2241,5.12,5774929,verlassen,das,left,left,Spiel,game,verließ,hat,Der Mann,Der Mann hat,Der Mann hat das Spiel
Die Frau hat das Spiel verlassen,The woman left the game,2241,5.12,5774929,verlassen,das,left,left,Spiel,game,verließ,hat,Die Frau,Die Frau hat,Die Frau hat das Spiel
Ich habe das Spiel ermöglicht,I enabled the game,2236,4.69,5774929,ermöglicht,das,enabled,enabled,Spiel,game,ermöglichte,habe,Ich,Ich habe,Ich habe das Spiel
Er hat das Spiel ermöglicht,He enabled the game,2236,4.69,5774929,ermöglicht,das,enabled,enabled,Spiel,game,ermöglichte,hat,Er,Er hat,Er hat das Spiel
Der Mann hat das Spiel ermöglicht,The man enabled the game,2236,4.69,5774929,ermöglicht,das,enabled,enabled,Spiel,game,ermöglichte,hat,Der Mann,Der Mann hat,Der Mann hat das Spiel
Die Frau hat das Spiel ermöglicht,The woman enabled the game,2236,4.69,5774929,ermöglicht,das,enabled,enabled,Spiel,game,ermöglichte,hat,Die Frau,Die Frau hat,Die Frau hat das Spiel
Ich habe das Spiel empfohlen,I recommended the game,2233,5.36,5774929,empfohlen,das,recommended,recommended,Spiel,game,empfahl,habe,Ich,Ich habe,Ich habe das Spiel
Er hat das Spiel empfohlen,He recommended the game,2233,5.36,5774929,empfohlen,das,recommended,recommended,Spiel,game,empfahl,hat,Er,Er hat,Er hat das Spiel
Der Mann hat das Spiel empfohlen,The man recommended the game,2233,5.36,5774929,empfohlen,das,recommended,recommended,Spiel,game,empfahl,hat,Der Mann,Der Mann hat,Der Mann hat das Spiel
Die Frau hat das Spiel empfohlen,The woman recommended the game,2233,5.36,5774929,empfohlen,das,recommended,recommended,Spiel,game,empfahl,hat,Die Frau,Die Frau hat,Die Frau hat das Spiel
Ich habe das Spiel vorgestellt,I presented the game,2181,5.44,5774929,vorgestellt,das,presented,presented,Spiel,game,stellte vor,habe,Ich,Ich habe,Ich habe das Spiel
Er hat das Spiel vorgestellt,He presented the game,2181,5.44,5774929,vorgestellt,das,presented,presented,Spiel,game,stellte vor,hat,Er,Er hat,Er hat das Spiel
Der Mann hat das Spiel vorgestellt,The man presented the game,2181,5.44,5774929,vorgestellt,das,presented,presented,Spiel,game,stellte vor,hat,Der Mann,Der Mann hat,Der Mann hat das Spiel
Die Frau hat das Spiel vorgestellt,The woman presented the game,2181,5.44,5774929,vorgestellt,das,presented,presented,Spiel,game,stellte vor,hat,Die Frau,Die Frau hat,Die Frau hat das Spiel
Ich habe das Spiel gehandelt,I traded the game,2140,5.16,5774929,gehandelt,das,traded,traded,Spiel,game,handelte,habe,Ich,Ich habe,Ich habe das Spiel
Er hat das Spiel gehandelt,He traded the game,2140,5.16,5774929,gehandelt,das,traded,traded,Spiel,game,handelte,hat,Er,Er hat,Er hat das Spiel
Der Mann hat das Spiel gehandelt,The man traded the game,2140,5.16,5774929,gehandelt,das,traded,traded,Spiel,game,handelte,hat,Der Mann,Der Mann hat,Der Mann hat das Spiel
Die Frau hat das Spiel gehandelt,The woman traded the game,2140,5.16,5774929,gehandelt,das,traded,traded,Spiel,game,handelte,hat,Die Frau,Die Frau hat,Die Frau hat das Spiel
Ich habe das Spiel verstanden,I understood the game,2132,5.12,5774929,verstanden,das,understood,understood,Spiel,game,verstand ,habe,Ich,Ich habe,Ich habe das Spiel
Er hat das Spiel verstanden,He understood the game,2132,5.12,5774929,verstanden,das,understood,understood,Spiel,game,verstand ,hat,Er,Er hat,Er hat das Spiel
Der Mann hat das Spiel verstanden,The man understood the game,2132,5.12,5774929,verstanden,das,understood,understood,Spiel,game,verstand ,hat,Der Mann,Der Mann hat,Der Mann hat das Spiel
Die Frau hat das Spiel verstanden,The woman understood the game,2132,5.12,5774929,verstanden,das,understood,understood,Spiel,game,verstand ,hat,Die Frau,Die Frau hat,Die Frau hat das Spiel
Ich habe das Spiel geführt,I leaded the game,2121,4.26,5774929,geführt,das,leaded,leaded,Spiel,game,führte,habe,Ich,Ich habe,Ich habe das Spiel
Er hat das Spiel geführt,He leaded the game,2121,4.26,5774929,geführt,das,leaded,leaded,Spiel,game,führte,hat,Er,Er hat,Er hat das Spiel
Der Mann hat das Spiel geführt,The man leaded the game,2121,4.26,5774929,geführt,das,leaded,leaded,Spiel,game,führte,hat,Der Mann,Der Mann hat,Der Mann hat das Spiel
Die Frau hat das Spiel geführt,The woman leaded the game,2121,4.26,5774929,geführt,das,leaded,leaded,Spiel,game,führte,hat,Die Frau,Die Frau hat,Die Frau hat das Spiel
Ich habe das Spiel heruntergeladen,I downloaded the game,2077,5.81,5774929,heruntergeladen,das,downloaded,downloaded,Spiel,game,lud herunter,habe,Ich,Ich habe,Ich habe das Spiel
Er hat das Spiel heruntergeladen,He downloaded the game,2077,5.81,5774929,heruntergeladen,das,downloaded,downloaded,Spiel,game,lud herunter,hat,Er,Er hat,Er hat das Spiel
Der Mann hat das Spiel heruntergeladen,The man downloaded the game,2077,5.81,5774929,heruntergeladen,das,downloaded,downloaded,Spiel,game,lud herunter,hat,Der Mann,Der Mann hat,Der Mann hat das Spiel
Die Frau hat das Spiel heruntergeladen,The woman downloaded the game,2077,5.81,5774929,heruntergeladen,das,downloaded,downloaded,Spiel,game,lud herunter,hat,Die Frau,Die Frau hat,Die Frau hat das Spiel
Ich habe das Spiel geladen,I loaded the game,2020,5.43,5774929,geladen,das,loaded,loaded,Spiel,game,lud ,habe,Ich,Ich habe,Ich habe das Spiel
Er hat das Spiel geladen,He loaded the game,2020,5.43,5774929,geladen,das,loaded,loaded,Spiel,game,lud ,hat,Er,Er hat,Er hat das Spiel
Der Mann hat das Spiel geladen,The man loaded the game,2020,5.43,5774929,geladen,das,loaded,loaded,Spiel,game,lud ,hat,Der Mann,Der Mann hat,Der Mann hat das Spiel
Die Frau hat das Spiel geladen,The woman loaded the game,2020,5.43,5774929,geladen,das,loaded,loaded,Spiel,game,lud ,hat,Die Frau,Die Frau hat,Die Frau hat das Spiel
Ich habe das Spiel gelegt,I laid the game,1959,4.17,5774929,gelegt,das,laid,laid,Spiel,game,legte,habe,Ich,Ich habe,Ich habe das Spiel
Er hat das Spiel gelegt,He laid the game,1959,4.17,5774929,gelegt,das,laid,laid,Spiel,game,legte,hat,Er,Er hat,Er hat das Spiel
Der Mann hat das Spiel gelegt,The man laid the game,1959,4.17,5774929,gelegt,das,laid,laid,Spiel,game,legte,hat,Der Mann,Der Mann hat,Der Mann hat das Spiel
Die Frau hat das Spiel gelegt,The woman laid the game,1959,4.17,5774929,gelegt,das,laid,laid,Spiel,game,legte,hat,Die Frau,Die Frau hat,Die Frau hat das Spiel
Ich habe das Spiel eingestellt,I set the game,1882,5.27,5774929,eingestellt,das,set,set,Spiel,game,stellte ein,habe,Ich,Ich habe,Ich habe das Spiel
Er hat das Spiel eingestellt,He set the game,1882,5.27,5774929,eingestellt,das,set,set,Spiel,game,stellte ein,hat,Er,Er hat,Er hat das Spiel
Der Mann hat das Spiel eingestellt,The man set the game,1882,5.27,5774929,eingestellt,das,set,set,Spiel,game,stellte ein,hat,Der Mann,Der Mann hat,Der Mann hat das Spiel
Die Frau hat das Spiel eingestellt,The woman set the game,1882,5.27,5774929,eingestellt,das,set,set,Spiel,game,stellte ein,hat,Die Frau,Die Frau hat,Die Frau hat das Spiel
Ich habe das Spiel erklärt,I explained the game,1802,5.07,5774929,erklärt,das,explained,explained,Spiel,game,erklärte,habe,Ich,Ich habe,Ich habe das Spiel
Er hat das Spiel erklärt,He explained the game,1802,5.07,5774929,erklärt,das,explained,explained,Spiel,game,erklärte,hat,Er,Er hat,Er hat das Spiel
Der Mann hat das Spiel erklärt,The man explained the game,1802,5.07,5774929,erklärt,das,explained,explained,Spiel,game,erklärte,hat,Der Mann,Der Mann hat,Der Mann hat das Spiel
Die Frau hat das Spiel erklärt,The woman explained the game,1802,5.07,5774929,erklärt,das,explained,explained,Spiel,game,erklärte,hat,Die Frau,Die Frau hat,Die Frau hat das Spiel
Ich habe das Spiel integriert,I integrated the game,1788,5.26,5774929,integriert,das,integrated,integrated,Spiel,game,integrierte,habe,Ich,Ich habe,Ich habe das Spiel
Er hat das Spiel integriert,He integrated the game,1788,5.26,5774929,integriert,das,integrated,integrated,Spiel,game,integrierte,hat,Er,Er hat,Er hat das Spiel
Der Mann hat das Spiel integriert,The man integrated the game,1788,5.26,5774929,integriert,das,integrated,integrated,Spiel,game,integrierte,hat,Der Mann,Der Mann hat,Der Mann hat das Spiel
Die Frau hat das Spiel integriert,The woman integrated the game,1788,5.26,5774929,integriert,das,integrated,integrated,Spiel,game,integrierte,hat,Die Frau,Die Frau hat,Die Frau hat das Spiel
Ich habe den Präsidenten gewählt,I elected the president,2787,6.27,1089223,gewählt,den,elected,elected,Präsident,president,wählte,habe,Ich,Ich habe,Ich habe den Präsidenten
Er hat den Präsidenten gewählt,He elected the president,2787,6.27,1089223,gewählt,den,elected,elected,Präsident,president,wählte,hat,Er,Er hat,Er hat den Präsidenten
Der Mann hat den Präsidenten gewählt,The man elected the president,2787,6.27,1089223,gewählt,den,elected,elected,Präsident,president,wählte,hat,Der Mann,Der Mann hat,Der Mann hat den Präsidenten
Die Frau hat den Präsidenten gewählt,The woman elected the president,2787,6.27,1089223,gewählt,den,elected,elected,Präsident,president,wählte,hat,Die Frau,Die Frau hat,Die Frau hat den Präsidenten
Ich habe den Präsidenten gestellt,I placed the president,906,2.39,1089223,gestellt,den,placed,placed,Präsident,president,stellte,habe,Ich,Ich habe,Ich habe den Präsidenten
Er hat den Präsidenten gestellt,He placed the president,906,2.39,1089223,gestellt,den,placed,placed,Präsident,president,stellte,hat,Er,Er hat,Er hat den Präsidenten
Der Mann hat den Präsidenten gestellt,The man placed the president,906,2.39,1089223,gestellt,den,placed,placed,Präsident,president,stellte,hat,Der Mann,Der Mann hat,Der Mann hat den Präsidenten
Die Frau hat den Präsidenten gestellt,The woman placed the president,906,2.39,1089223,gestellt,den,placed,placed,Präsident,president,stellte,hat,Die Frau,Die Frau hat,Die Frau hat den Präsidenten
Ich habe den Präsidenten gestürzt,I overthrew the president,711,7.04,1089223,gestürzt,den,overthrown,overthrew,Präsident,president,stürzte,habe,Ich,Ich habe,Ich habe den Präsidenten
Er hat den Präsidenten gestürzt,He overthrew the president,711,7.04,1089223,gestürzt,den,overthrown,overthrew,Präsident,president,stürzte,hat,Er,Er hat,Er hat den Präsidenten
Der Mann hat den Präsidenten gestürzt,The man overthrew the president,711,7.04,1089223,gestürzt,den,overthrown,overthrew,Präsident,president,stürzte,hat,Der Mann,Der Mann hat,Der Mann hat den Präsidenten
Die Frau hat den Präsidenten gestürzt,The woman overthrew the president,711,7.04,1089223,gestürzt,den,overthrown,overthrew,Präsident,president,stürzte,hat,Die Frau,Die Frau hat,Die Frau hat den Präsidenten
Ich habe den Präsidenten getroffen,I met the president,568,3.84,1089223,getroffen,den,met,met,Präsident,president,traf,habe,Ich,Ich habe,Ich habe den Präsidenten
Er hat den Präsidenten getroffen,He met the president,568,3.84,1089223,getroffen,den,met,met,Präsident,president,traf,hat,Er,Er hat,Er hat den Präsidenten
Der Mann hat den Präsidenten getroffen,The man met the president,568,3.84,1089223,getroffen,den,met,met,Präsident,president,traf,hat,Der Mann,Der Mann hat,Der Mann hat den Präsidenten
Die Frau hat den Präsidenten getroffen,The woman met the president,568,3.84,1089223,getroffen,den,met,met,Präsident,president,traf,hat,Die Frau,Die Frau hat,Die Frau hat den Präsidenten
Ich habe den Präsidenten gerichtet,I addressed the president,450,4.6,1089223,gerichtet,den,addressed,addressed,Präsident,president,richtete,habe,Ich,Ich habe,Ich habe den Präsidenten
Er hat den Präsidenten gerichtet,He addressed the president,450,4.6,1089223,gerichtet,den,addressed,addressed,Präsident,president,richtete,hat,Er,Er hat,Er hat den Präsidenten
Der Mann hat den Präsidenten gerichtet,The man addressed the president,450,4.6,1089223,gerichtet,den,addressed,addressed,Präsident,president,richtete,hat,Der Mann,Der Mann hat,Der Mann hat den Präsidenten
Die Frau hat den Präsidenten gerichtet,The woman addressed the president,450,4.6,1089223,gerichtet,den,addressed,addressed,Präsident,president,richtete,hat,Die Frau,Die Frau hat,Die Frau hat den Präsidenten
Ich habe den Präsidenten gesehen,I saw the president,426,1.68,1089223,gesehen,den,seen,saw,Präsident,president,sah,habe,Ich,Ich habe,Ich habe den Präsidenten
Er hat den Präsidenten gesehen,He saw the president,426,1.68,1089223,gesehen,den,seen,saw,Präsident,president,sah,hat,Er,Er hat,Er hat den Präsidenten
Der Mann hat den Präsidenten gesehen,The man saw the president,426,1.68,1089223,gesehen,den,seen,saw,Präsident,president,sah,hat,Der Mann,Der Mann hat,Der Mann hat den Präsidenten
Die Frau hat den Präsidenten gesehen,The woman saw the president,426,1.68,1089223,gesehen,den,seen,saw,Präsident,president,sah,hat,Die Frau,Die Frau hat,Die Frau hat den Präsidenten
Ich habe den Präsidenten vertreten,I represented the president,368,4.81,1089223,vertreten,den,represented,represented,Präsident,president,vertrat,habe,Ich,Ich habe,Ich habe den Präsidenten
Er hat den Präsidenten vertreten,He represented the president,368,4.81,1089223,vertreten,den,represented,represented,Präsident,president,vertrat,hat,Er,Er hat,Er hat den Präsidenten
Der Mann hat den Präsidenten vertreten,The man represented the president,368,4.81,1089223,vertreten,den,represented,represented,Präsident,president,vertrat,hat,Der Mann,Der Mann hat,Der Mann hat den Präsidenten
Die Frau hat den Präsidenten vertreten,The woman represented the president,368,4.81,1089223,vertreten,den,represented,represented,Präsident,president,vertrat,hat,Die Frau,Die Frau hat,Die Frau hat den Präsidenten
Ich habe den Präsidenten kritisiert,I criticised the president,309,5.67,1089223,kritisiert,den,criticised,criticised,Präsident,president,kritisierte,habe,Ich,Ich habe,Ich habe den Präsidenten
Er hat den Präsidenten kritisiert,He criticised the president,309,5.67,1089223,kritisiert,den,criticised,criticised,Präsident,president,kritisierte,hat,Er,Er hat,Er hat den Präsidenten
Der Mann hat den Präsidenten kritisiert,The man criticised the president,309,5.67,1089223,kritisiert,den,criticised,criticised,Präsident,president,kritisierte,hat,Der Mann,Der Mann hat,Der Mann hat den Präsidenten
Die Frau hat den Präsidenten kritisiert,The woman criticised the president,309,5.67,1089223,kritisiert,den,criticised,criticised,Präsident,president,kritisierte,hat,Die Frau,Die Frau hat,Die Frau hat den Präsidenten
Ich habe den Präsidenten bestimmt,I appointed the president,262,3.55,1089223,bestimmt,den,appointed,appointed,Präsident,president,bestimmte,habe,Ich,Ich habe,Ich habe den Präsidenten
Er hat den Präsidenten bestimmt,He appointed the president,262,3.55,1089223,bestimmt,den,appointed,appointed,Präsident,president,bestimmte,hat,Er,Er hat,Er hat den Präsidenten
Der Mann hat den Präsidenten bestimmt,The man appointed the president,262,3.55,1089223,bestimmt,den,appointed,appointed,Präsident,president,bestimmte,hat,Der Mann,Der Mann hat,Der Mann hat den Präsidenten
Die Frau hat den Präsidenten bestimmt,The woman appointed the president,262,3.55,1089223,bestimmt,den,appointed,appointed,Präsident,president,bestimmte,hat,Die Frau,Die Frau hat,Die Frau hat den Präsidenten
Ich habe den Präsidenten bezeichnet,I designated the president,233,3.9,1089223,bezeichnet,den,designated,designated,Präsident,president,bezeichnete,habe,Ich,Ich habe,Ich habe den Präsidenten
Er hat den Präsidenten bezeichnet,He designated the president,233,3.9,1089223,bezeichnet,den,designated,designated,Präsident,president,bezeichnete,hat,Er,Er hat,Er hat den Präsidenten
Der Mann hat den Präsidenten bezeichnet,The man designated the president,233,3.9,1089223,bezeichnet,den,designated,designated,Präsident,president,bezeichnete,hat,Der Mann,Der Mann hat,Der Mann hat den Präsidenten
Die Frau hat den Präsidenten bezeichnet,The woman designated the president,233,3.9,1089223,bezeichnet,den,designated,designated,Präsident,president,bezeichnete,hat,Die Frau,Die Frau hat,Die Frau hat den Präsidenten
Ich habe den Präsidenten ermordet,I murdered the president,226,6.68,1089223,ermordet,den,murdered,murdered,Präsident,president,ermordete,habe,Ich,Ich habe,Ich habe den Präsidenten
Er hat den Präsidenten ermordet,He murdered the president,226,6.68,1089223,ermordet,den,murdered,murdered,Präsident,president,ermordete,hat,Er,Er hat,Er hat den Präsidenten
Der Mann hat den Präsidenten ermordet,The man murdered the president,226,6.68,1089223,ermordet,den,murdered,murdered,Präsident,president,ermordete,hat,Der Mann,Der Mann hat,Der Mann hat den Präsidenten
Die Frau hat den Präsidenten ermordet,The woman murdered the president,226,6.68,1089223,ermordet,den,murdered,murdered,Präsident,president,ermordete,hat,Die Frau,Die Frau hat,Die Frau hat den Präsidenten
Ich habe den Präsidenten genannt,I named the president,223,2.8,1089223,genannt,den,named,named,Präsident,president,nannte,habe,Ich,Ich habe,Ich habe den Präsidenten
Er hat den Präsidenten genannt,He named the president,223,2.8,1089223,genannt,den,named,named,Präsident,president,nannte,hat,Er,Er hat,Er hat den Präsidenten
Der Mann hat den Präsidenten genannt,The man named the president,223,2.8,1089223,genannt,den,named,named,Präsident,president,nannte,hat,Der Mann,Der Mann hat,Der Mann hat den Präsidenten
Die Frau hat den Präsidenten genannt,The woman named the president,223,2.8,1089223,genannt,den,named,named,Präsident,president,nannte,hat,Die Frau,Die Frau hat,Die Frau hat den Präsidenten
Ich habe den Präsidenten abgesetzt,I removed the president,193,5.79,1089223,abgesetzt,den,removed,removed,Präsident,president,setzte ab,habe,Ich,Ich habe,Ich habe den Präsidenten
Er hat den Präsidenten abgesetzt,He removed the president,193,5.79,1089223,abgesetzt,den,removed,removed,Präsident,president,setzte ab,hat,Er,Er hat,Er hat den Präsidenten
Der Mann hat den Präsidenten abgesetzt,The man removed the president,193,5.79,1089223,abgesetzt,den,removed,removed,Präsident,president,setzte ab,hat,Der Mann,Der Mann hat,Der Mann hat den Präsidenten
Die Frau hat den Präsidenten abgesetzt,The woman removed the president,193,5.79,1089223,abgesetzt,den,removed,removed,Präsident,president,setzte ab,hat,Die Frau,Die Frau hat,Die Frau hat den Präsidenten
Ich habe den Präsidenten getötet,I killed the president,192,4.78,1089223,getötet,den,killed,killed,Präsident,president,tötete,habe,Ich,Ich habe,Ich habe den Präsidenten
Er hat den Präsidenten getötet,He killed the president,192,4.78,1089223,getötet,den,killed,killed,Präsident,president,tötete,hat,Er,Er hat,Er hat den Präsidenten
Der Mann hat den Präsidenten getötet,The man killed the president,192,4.78,1089223,getötet,den,killed,killed,Präsident,president,tötete,hat,Der Mann,Der Mann hat,Der Mann hat den Präsidenten
Die Frau hat den Präsidenten getötet,The woman killed the president,192,4.78,1089223,getötet,den,killed,killed,Präsident,president,tötete,hat,Die Frau,Die Frau hat,Die Frau hat den Präsidenten
Ich habe den Präsidenten geführt,I leaded the president,183,1.21,1089223,geführt,den,leaded,leaded,Präsident,president,führte,habe,Ich,Ich habe,Ich habe den Präsidenten
Er hat den Präsidenten geführt,He leaded the president,183,1.21,1089223,geführt,den,leaded,leaded,Präsident,president,führte,hat,Er,Er hat,Er hat den Präsidenten
Der Mann hat den Präsidenten geführt,The man leaded the president,183,1.21,1089223,geführt,den,leaded,leaded,Präsident,president,führte,hat,Der Mann,Der Mann hat,Der Mann hat den Präsidenten
Die Frau hat den Präsidenten geführt,The woman leaded the president,183,1.21,1089223,geführt,den,leaded,leaded,Präsident,president,führte,hat,Die Frau,Die Frau hat,Die Frau hat den Präsidenten
Ich habe den Präsidenten überzeugt,I convinced the president,169,4.41,1089223,überzeugt,den,convinced,convinced,Präsident,president,überzeugte,habe,Ich,Ich habe,Ich habe den Präsidenten
Er hat den Präsidenten überzeugt,He convinced the president,169,4.41,1089223,überzeugt,den,convinced,convinced,Präsident,president,überzeugte,hat,Er,Er hat,Er hat den Präsidenten
Der Mann hat den Präsidenten überzeugt,The man convinced the president,169,4.41,1089223,überzeugt,den,convinced,convinced,Präsident,president,überzeugte,hat,Der Mann,Der Mann hat,Der Mann hat den Präsidenten
Die Frau hat den Präsidenten überzeugt,The woman convinced the president,169,4.41,1089223,überzeugt,den,convinced,convinced,Präsident,president,überzeugte,hat,Die Frau,Die Frau hat,Die Frau hat den Präsidenten
Ich habe den Präsidenten gekannt,I knew the president,164,1.4,1089223,gekannt,den,known,knew,Präsident,president,kannte,habe,Ich,Ich habe,Ich habe den Präsidenten
Er hat den Präsidenten gekannt,He knew the president,164,1.4,1089223,gekannt,den,known,knew,Präsident,president,kannte,hat,Er,Er hat,Er hat den Präsidenten
Der Mann hat den Präsidenten gekannt,The man knew the president,164,1.4,1089223,gekannt,den,known,knew,Präsident,president,kannte,hat,Der Mann,Der Mann hat,Der Mann hat den Präsidenten
Die Frau hat den Präsidenten gekannt,The woman knew the president,164,1.4,1089223,gekannt,den,known,knew,Präsident,president,kannte,hat,Die Frau,Die Frau hat,Die Frau hat den Präsidenten
Ich habe den Präsidenten ermächtigt,I empowered the president,163,6.79,1089223,ermächtigt,den,empowered,empowered,Präsident,president,ermächtigte,habe,Ich,Ich habe,Ich habe den Präsidenten
Er hat den Präsidenten ermächtigt,He empowered the president,163,6.79,1089223,ermächtigt,den,empowered,empowered,Präsident,president,ermächtigte,hat,Er,Er hat,Er hat den Präsidenten
Der Mann hat den Präsidenten ermächtigt,The man empowered the president,163,6.79,1089223,ermächtigt,den,empowered,empowered,Präsident,president,ermächtigte,hat,Der Mann,Der Mann hat,Der Mann hat den Präsidenten
Die Frau hat den Präsidenten ermächtigt,The woman empowered the president,163,6.79,1089223,ermächtigt,den,empowered,empowered,Präsident,president,ermächtigte,hat,Die Frau,Die Frau hat,Die Frau hat den Präsidenten
Ich habe den Präsidenten eingeladen,I invited the president,159,4.61,1089223,eingeladen,den,invited,invited,Präsident,president,lud ein,habe,Ich,Ich habe,Ich habe den Präsidenten
Er hat den Präsidenten eingeladen,He invited the president,159,4.61,1089223,eingeladen,den,invited,invited,Präsident,president,lud ein,hat,Er,Er hat,Er hat den Präsidenten
Der Mann hat den Präsidenten eingeladen,The man invited the president,159,4.61,1089223,eingeladen,den,invited,invited,Präsident,president,lud ein,hat,Der Mann,Der Mann hat,Der Mann hat den Präsidenten
Die Frau hat den Präsidenten eingeladen,The woman invited the president,159,4.61,1089223,eingeladen,den,invited,invited,Präsident,president,lud ein,hat,Die Frau,Die Frau hat,Die Frau hat den Präsidenten
Ich habe den Präsidenten beauftragt,I instructed the president,145,4.88,1089223,beauftragt,den,instructed,instructed,Präsident,president,beauftragte,habe,Ich,Ich habe,Ich habe den Präsidenten
Er hat den Präsidenten beauftragt,He instructed the president,145,4.88,1089223,beauftragt,den,instructed,instructed,Präsident,president,beauftragte,hat,Er,Er hat,Er hat den Präsidenten
Der Mann hat den Präsidenten beauftragt,The man instructed the president,145,4.88,1089223,beauftragt,den,instructed,instructed,Präsident,president,beauftragte,hat,Der Mann,Der Mann hat,Der Mann hat den Präsidenten
Die Frau hat den Präsidenten beauftragt,The woman instructed the president,145,4.88,1089223,beauftragt,den,instructed,instructed,Präsident,president,beauftragte,hat,Die Frau,Die Frau hat,Die Frau hat den Präsidenten
Ich habe den Präsidenten geschickt,I sent the president,142,2.58,1089223,geschickt,den,sent,sent,Präsident,president,schickte,habe,Ich,Ich habe,Ich habe den Präsidenten
Er hat den Präsidenten geschickt,He sent the president,142,2.58,1089223,geschickt,den,sent,sent,Präsident,president,schickte,hat,Er,Er hat,Er hat den Präsidenten
Der Mann hat den Präsidenten geschickt,The man sent the president,142,2.58,1089223,geschickt,den,sent,sent,Präsident,president,schickte,hat,Der Mann,Der Mann hat,Der Mann hat den Präsidenten
Die Frau hat den Präsidenten geschickt,The woman sent the president,142,2.58,1089223,geschickt,den,sent,sent,Präsident,president,schickte,hat,Die Frau,Die Frau hat,Die Frau hat den Präsidenten
Ich habe den Präsidenten beschuldigt,I accused the president,138,6.52,1089223,beschuldigt,den,accused,accused,Präsident,president,beschuldigte,habe,Ich,Ich habe,Ich habe den Präsidenten
Er hat den Präsidenten beschuldigt,He accused the president,138,6.52,1089223,beschuldigt,den,accused,accused,Präsident,president,beschuldigte,hat,Er,Er hat,Er hat den Präsidenten
Der Mann hat den Präsidenten beschuldigt,The man accused the president,138,6.52,1089223,beschuldigt,den,accused,accused,Präsident,president,beschuldigte,hat,Der Mann,Der Mann hat,Der Mann hat den Präsidenten
Die Frau hat den Präsidenten beschuldigt,The woman accused the president,138,6.52,1089223,beschuldigt,den,accused,accused,Präsident,president,beschuldigte,hat,Die Frau,Die Frau hat,Die Frau hat den Präsidenten
Ich habe den Präsidenten gerettet,I saved the president,136,3.39,1089223,gerettet,den,saved,saved,Präsident,president,rettete,habe,Ich,Ich habe,Ich habe den Präsidenten
Er hat den Präsidenten gerettet,He saved the president,136,3.39,1089223,gerettet,den,saved,saved,Präsident,president,rettete,hat,Er,Er hat,Er hat den Präsidenten
Der Mann hat den Präsidenten gerettet,The man saved the president,136,3.39,1089223,gerettet,den,saved,saved,Präsident,president,rettete,hat,Der Mann,Der Mann hat,Der Mann hat den Präsidenten
Die Frau hat den Präsidenten gerettet,The woman saved the president,136,3.39,1089223,gerettet,den,saved,saved,Präsident,president,rettete,hat,Die Frau,Die Frau hat,Die Frau hat den Präsidenten
Ich habe den Präsidenten anerkannt,I recognised the president,124,4.38,1089223,anerkannt,den,recognised,recognised,Präsident,president,erkannte an,habe,Ich,Ich habe,Ich habe den Präsidenten
Er hat den Präsidenten anerkannt,He recognised the president,124,4.38,1089223,anerkannt,den,recognised,recognised,Präsident,president,erkannte an,hat,Er,Er hat,Er hat den Präsidenten
Der Mann hat den Präsidenten anerkannt,The man recognised the president,124,4.38,1089223,anerkannt,den,recognised,recognised,Präsident,president,erkannte an,hat,Der Mann,Der Mann hat,Der Mann hat den Präsidenten
Die Frau hat den Präsidenten anerkannt,The woman recognised the president,124,4.38,1089223,anerkannt,den,recognised,recognised,Präsident,president,erkannte an,hat,Die Frau,Die Frau hat,Die Frau hat den Präsidenten
Ich habe den Präsidenten erinnert,I reminded the president,107,3.07,1089223,erinnert,den,reminded,reminded,Präsident,president,erinnerte,habe,Ich,Ich habe,Ich habe den Präsidenten
Er hat den Präsidenten erinnert,He reminded the president,107,3.07,1089223,erinnert,den,reminded,reminded,Präsident,president,erinnerte,hat,Er,Er hat,Er hat den Präsidenten
Der Mann hat den Präsidenten erinnert,The man reminded the president,107,3.07,1089223,erinnert,den,reminded,reminded,Präsident,president,erinnerte,hat,Der Mann,Der Mann hat,Der Mann hat den Präsidenten
Die Frau hat den Präsidenten erinnert,The woman reminded the president,107,3.07,1089223,erinnert,den,reminded,reminded,Präsident,president,erinnerte,hat,Die Frau,Die Frau hat,Die Frau hat den Präsidenten
Ich habe den Präsidenten ersucht,I requested the president,103,5.97,1089223,ersucht,den,requested,requested,Präsident,president,ersuchte,habe,Ich,Ich habe,Ich habe den Präsidenten
Er hat den Präsidenten ersucht,He requested the president,103,5.97,1089223,ersucht,den,requested,requested,Präsident,president,ersuchte,hat,Er,Er hat,Er hat den Präsidenten
Der Mann hat den Präsidenten ersucht,The man requested the president,103,5.97,1089223,ersucht,den,requested,requested,Präsident,president,ersuchte,hat,Der Mann,Der Mann hat,Der Mann hat den Präsidenten
Die Frau hat den Präsidenten ersucht,The woman requested the president,103,5.97,1089223,ersucht,den,requested,requested,Präsident,president,ersuchte,hat,Die Frau,Die Frau hat,Die Frau hat den Präsidenten
Ich habe den Präsidenten beleidigt,I insulted the president,97,5.83,1089223,beleidigt,den,insulted,insulted,Präsident,president,beleidigte,habe,Ich,Ich habe,Ich habe den Präsidenten
Er hat den Präsidenten beleidigt,He insulted the president,97,5.83,1089223,beleidigt,den,insulted,insulted,Präsident,president,beleidigte,hat,Er,Er hat,Er hat den Präsidenten
Der Mann hat den Präsidenten beleidigt,The man insulted the president,97,5.83,1089223,beleidigt,den,insulted,insulted,Präsident,president,beleidigte,hat,Der Mann,Der Mann hat,Der Mann hat den Präsidenten
Die Frau hat den Präsidenten beleidigt,The woman insulted the president,97,5.83,1089223,beleidigt,den,insulted,insulted,Präsident,president,beleidigte,hat,Die Frau,Die Frau hat,Die Frau hat den Präsidenten
Ich habe den Präsidenten ersetzt,I replaced the president,96,2.46,1089223,ersetzt,den,replaced,replaced,Präsident,president,ersetzte,habe,Ich,Ich habe,Ich habe den Präsidenten
Er hat den Präsidenten ersetzt,He replaced the president,96,2.46,1089223,ersetzt,den,replaced,replaced,Präsident,president,ersetzte,hat,Er,Er hat,Er hat den Präsidenten
Der Mann hat den Präsidenten ersetzt,The man replaced the president,96,2.46,1089223,ersetzt,den,replaced,replaced,Präsident,president,ersetzte,hat,Der Mann,Der Mann hat,Der Mann hat den Präsidenten
Die Frau hat den Präsidenten ersetzt,The woman replaced the president,96,2.46,1089223,ersetzt,den,replaced,replaced,Präsident,president,ersetzte,hat,Die Frau,Die Frau hat,Die Frau hat den Präsidenten
Ich habe den Präsidenten geschützt,I protected the president,95,2.06,1089223,geschützt,den,protected,protected,Präsident,president,schützte,habe,Ich,Ich habe,Ich habe den Präsidenten
Er hat den Präsidenten geschützt,He protected the president,95,2.06,1089223,geschützt,den,protected,protected,Präsident,president,schützte,hat,Er,Er hat,Er hat den Präsidenten
Der Mann hat den Präsidenten geschützt,The man protected the president,95,2.06,1089223,geschützt,den,protected,protected,Präsident,president,schützte,hat,Der Mann,Der Mann hat,Der Mann hat den Präsidenten
Die Frau hat den Präsidenten geschützt,The woman protected the president,95,2.06,1089223,geschützt,den,protected,protected,Präsident,president,schützte,hat,Die Frau,Die Frau hat,Die Frau hat den Präsidenten
Ich habe den Präsidenten enthoben,I dismissed the president,89,6.22,1089223,enthoben,den,dismissed,dismissed,Präsident,president,enthob,habe,Ich,Ich habe,Ich habe den Präsidenten
Er hat den Präsidenten enthoben,He dismissed the president,89,6.22,1089223,enthoben,den,dismissed,dismissed,Präsident,president,enthob,hat,Er,Er hat,Er hat den Präsidenten
Der Mann hat den Präsidenten enthoben,The man dismissed the president,89,6.22,1089223,enthoben,den,dismissed,dismissed,Präsident,president,enthob,hat,Der Mann,Der Mann hat,Der Mann hat den Präsidenten
Die Frau hat den Präsidenten enthoben,The woman dismissed the president,89,6.22,1089223,enthoben,den,dismissed,dismissed,Präsident,president,enthob,hat,Die Frau,Die Frau hat,Die Frau hat den Präsidenten
Ich habe den Präsidenten übertragen,I transferred the president,87,2.28,1089223,übertragen,den,transferred,transferred,Präsident,president,übertrug,habe,Ich,Ich habe,Ich habe den Präsidenten
Er hat den Präsidenten übertragen,He transferred the president,87,2.28,1089223,übertragen,den,transferred,transferred,Präsident,president,übertrug,hat,Er,Er hat,Er hat den Präsidenten
Der Mann hat den Präsidenten übertragen,The man transferred the president,87,2.28,1089223,übertragen,den,transferred,transferred,Präsident,president,übertrug,hat,Der Mann,Der Mann hat,Der Mann hat den Präsidenten
Die Frau hat den Präsidenten übertragen,The woman transferred the president,87,2.28,1089223,übertragen,den,transferred,transferred,Präsident,president,übertrug,hat,Die Frau,Die Frau hat,Die Frau hat den Präsidenten
Ich habe den Präsidenten erschossen,I shot the president,86,5.38,1089223,erschossen,den,shot,shot,Präsident,president,erschoss,habe,Ich,Ich habe,Ich habe den Präsidenten
Er hat den Präsidenten erschossen,He shot the president,86,5.38,1089223,erschossen,den,shot,shot,Präsident,president,erschoss,hat,Er,Er hat,Er hat den Präsidenten
Der Mann hat den Präsidenten erschossen,The man shot the president,86,5.38,1089223,erschossen,den,shot,shot,Präsident,president,erschoss,hat,Der Mann,Der Mann hat,Der Mann hat den Präsidenten
Die Frau hat den Präsidenten erschossen,The woman shot the president,86,5.38,1089223,erschossen,den,shot,shot,Präsident,president,erschoss,hat,Die Frau,Die Frau hat,Die Frau hat den Präsidenten
Ich habe den Präsidenten eingesetzt,I appointed the president,86,1.65,1089223,eingesetzt,den,appointed,appointed,Präsident,president,setzte ein,habe,Ich,Ich habe,Ich habe den Präsidenten
Er hat den Präsidenten eingesetzt,He appointed the president,86,1.65,1089223,eingesetzt,den,appointed,appointed,Präsident,president,setzte ein,hat,Er,Er hat,Er hat den Präsidenten
Der Mann hat den Präsidenten eingesetzt,The man appointed the president,86,1.65,1089223,eingesetzt,den,appointed,appointed,Präsident,president,setzte ein,hat,Der Mann,Der Mann hat,Der Mann hat den Präsidenten
Die Frau hat den Präsidenten eingesetzt,The woman appointed the president,86,1.65,1089223,eingesetzt,den,appointed,appointed,Präsident,president,setzte ein,hat,Die Frau,Die Frau hat,Die Frau hat den Präsidenten
Ich habe den Präsidenten vorgestellt,I presented the president,81,2.07,1089223,vorgestellt,den,presented,presented,Präsident,president,stellte vor,habe,Ich,Ich habe,Ich habe den Präsidenten
Er hat den Präsidenten vorgestellt,He presented the president,81,2.07,1089223,vorgestellt,den,presented,presented,Präsident,president,stellte vor,hat,Er,Er hat,Er hat den Präsidenten
Der Mann hat den Präsidenten vorgestellt,The man presented the president,81,2.07,1089223,vorgestellt,den,presented,presented,Präsident,president,stellte vor,hat,Der Mann,Der Mann hat,Der Mann hat den Präsidenten
Die Frau hat den Präsidenten vorgestellt,The woman presented the president,81,2.07,1089223,vorgestellt,den,presented,presented,Präsident,president,stellte vor,hat,Die Frau,Die Frau hat,Die Frau hat den Präsidenten
Ich habe den Präsidenten demonstriert,I demonstrated the president,79,4.42,1089223,demonstriert,den,demonstrated,demonstrated,Präsident,president,demonstrierte,habe,Ich,Ich habe,Ich habe den Präsidenten
Er hat den Präsidenten demonstriert,He demonstrated the president,79,4.42,1089223,demonstriert,den,demonstrated,demonstrated,Präsident,president,demonstrierte,hat,Er,Er hat,Er hat den Präsidenten
Der Mann hat den Präsidenten demonstriert,The man demonstrated the president,79,4.42,1089223,demonstriert,den,demonstrated,demonstrated,Präsident,president,demonstrierte,hat,Der Mann,Der Mann hat,Der Mann hat den Präsidenten
Die Frau hat den Präsidenten demonstriert,The woman demonstrated the president,79,4.42,1089223,demonstriert,den,demonstrated,demonstrated,Präsident,president,demonstrierte,hat,Die Frau,Die Frau hat,Die Frau hat den Präsidenten
Ich habe den Präsidenten abgelöst,I replaced the president,76,4.88,1089223,abgelöst,den,replaced,replaced,Präsident,president,löste ab,habe,Ich,Ich habe,Ich habe den Präsidenten
Er hat den Präsidenten abgelöst,He replaced the president,76,4.88,1089223,abgelöst,den,replaced,replaced,Präsident,president,löste ab,hat,Er,Er hat,Er hat den Präsidenten
Der Mann hat den Präsidenten abgelöst,The man replaced the president,76,4.88,1089223,abgelöst,den,replaced,replaced,Präsident,president,löste ab,hat,Der Mann,Der Mann hat,Der Mann hat den Präsidenten
Die Frau hat den Präsidenten abgelöst,The woman replaced the president,76,4.88,1089223,abgelöst,den,replaced,replaced,Präsident,president,löste ab,hat,Die Frau,Die Frau hat,Die Frau hat den Präsidenten
Ich habe den Präsidenten geehrt,I honoured the president,76,4.34,1089223,geehrt,den,honoured,honoured,Präsident,president,ehrte,habe,Ich,Ich habe,Ich habe den Präsidenten
Er hat den Präsidenten geehrt,He honoured the president,76,4.34,1089223,geehrt,den,honoured,honoured,Präsident,president,ehrte,hat,Er,Er hat,Er hat den Präsidenten
Der Mann hat den Präsidenten geehrt,The man honoured the president,76,4.34,1089223,geehrt,den,honoured,honoured,Präsident,president,ehrte,hat,Der Mann,Der Mann hat,Der Mann hat den Präsidenten
Die Frau hat den Präsidenten geehrt,The woman honoured the president,76,4.34,1089223,geehrt,den,honoured,honoured,Präsident,president,ehrte,hat,Die Frau,Die Frau hat,Die Frau hat den Präsidenten
Ich habe den Präsidenten verteidigt,I defended the president,76,3.35,1089223,verteidigt,den,defended,defended,Präsident,president,verteidigte,habe,Ich,Ich habe,Ich habe den Präsidenten
Er hat den Präsidenten verteidigt,He defended the president,76,3.35,1089223,verteidigt,den,defended,defended,Präsident,president,verteidigte,hat,Er,Er hat,Er hat den Präsidenten
Der Mann hat den Präsidenten verteidigt,The man defended the president,76,3.35,1089223,verteidigt,den,defended,defended,Präsident,president,verteidigte,hat,Der Mann,Der Mann hat,Der Mann hat den Präsidenten
Die Frau hat den Präsidenten verteidigt,The woman defended the president,76,3.35,1089223,verteidigt,den,defended,defended,Präsident,president,verteidigte,hat,Die Frau,Die Frau hat,Die Frau hat den Präsidenten
Ich habe den Präsidenten dargestellt,I presented the president,76,1.16,1089223,dargestellt,den,presented,presented,Präsident,president,stellte dar,habe,Ich,Ich habe,Ich habe den Präsidenten
Er hat den Präsidenten dargestellt,He presented the president,76,1.16,1089223,dargestellt,den,presented,presented,Präsident,president,stellte dar,hat,Er,Er hat,Er hat den Präsidenten
Der Mann hat den Präsidenten dargestellt,The man presented the president,76,1.16,1089223,dargestellt,den,presented,presented,Präsident,president,stellte dar,hat,Der Mann,Der Mann hat,Der Mann hat den Präsidenten
Die Frau hat den Präsidenten dargestellt,The woman presented the president,76,1.16,1089223,dargestellt,den,presented,presented,Präsident,president,stellte dar,hat,Die Frau,Die Frau hat,Die Frau hat den Präsidenten
Ich habe den Präsidenten angegriffen,I attacked the president,74,4.06,1089223,angegriffen,den,attacked,attacked,Präsident,president,griff an,habe,Ich,Ich habe,Ich habe den Präsidenten
Er hat den Präsidenten angegriffen,He attacked the president,74,4.06,1089223,angegriffen,den,attacked,attacked,Präsident,president,griff an,hat,Er,Er hat,Er hat den Präsidenten
Der Mann hat den Präsidenten angegriffen,The man attacked the president,74,4.06,1089223,angegriffen,den,attacked,attacked,Präsident,president,griff an,hat,Der Mann,Der Mann hat,Der Mann hat den Präsidenten
Die Frau hat den Präsidenten angegriffen,The woman attacked the president,74,4.06,1089223,angegriffen,den,attacked,attacked,Präsident,president,griff an,hat,Die Frau,Die Frau hat,Die Frau hat den Präsidenten
Ich habe den Mann gebracht,I brought the man,18274,6.75,5419545,gebracht,den,brought,brought,Mann,man,brachte,habe,Ich,Ich habe,Ich habe den Mann
Er hat den Mann gebracht,He brought the man,18274,6.75,5419545,gebracht,den,brought,brought,Mann,man,brachte,hat,Er,Er hat,Er hat den Mann
Der Mann hat den Mann gebracht,The man brought the man,18274,6.75,5419545,gebracht,den,brought,brought,Mann,man,brachte,hat,Der Mann,Der Mann hat,Der Mann hat den Mann
Die Frau hat den Mann gebracht,The woman brought the man,18274,6.75,5419545,gebracht,den,brought,brought,Mann,man,brachte,hat,Die Frau,Die Frau hat,Die Frau hat den Mann
Ich habe den Mann gesehen,I saw the man,17563,6.9,5419545,gesehen,den,seen,saw,Mann,man,sah,habe,Ich,Ich habe,Ich habe den Mann
Er hat den Mann gesehen,He saw the man,17563,6.9,5419545,gesehen,den,seen,saw,Mann,man,sah,hat,Er,Er hat,Er hat den Mann
Der Mann hat den Mann gesehen,The man saw the man,17563,6.9,5419545,gesehen,den,seen,saw,Mann,man,sah,hat,Der Mann,Der Mann hat,Der Mann hat den Mann
Die Frau hat den Mann gesehen,The woman saw the man,17563,6.9,5419545,gesehen,den,seen,saw,Mann,man,sah,hat,Die Frau,Die Frau hat,Die Frau hat den Mann
Ich habe den Mann gefunden,I found the man,14793,5.6,5419545,gefunden,den,found,found,Mann,man,fand,habe,Ich,Ich habe,Ich habe den Mann
Er hat den Mann gefunden,He found the man,14793,5.6,5419545,gefunden,den,found,found,Mann,man,fand,hat,Er,Er hat,Er hat den Mann
Der Mann hat den Mann gefunden,The man found the man,14793,5.6,5419545,gefunden,den,found,found,Mann,man,fand,hat,Der Mann,Der Mann hat,Der Mann hat den Mann
Die Frau hat den Mann gefunden,The woman found the man,14793,5.6,5419545,gefunden,den,found,found,Mann,man,fand,hat,Die Frau,Die Frau hat,Die Frau hat den Mann
Ich habe den Mann gekannt,I knew the man,11103,7.19,5419545,gekannt,den,known,knew,Mann,man,kannte,habe,Ich,Ich habe,Ich habe den Mann
Er hat den Mann gekannt,He knew the man,11103,7.19,5419545,gekannt,den,known,knew,Mann,man,kannte,hat,Er,Er hat,Er hat den Mann
Der Mann hat den Mann gekannt,The man knew the man,11103,7.19,5419545,gekannt,den,known,knew,Mann,man,kannte,hat,Der Mann,Der Mann hat,Der Mann hat den Mann
Die Frau hat den Mann gekannt,The woman knew the man,11103,7.19,5419545,gekannt,den,known,knew,Mann,man,kannte,hat,Die Frau,Die Frau hat,Die Frau hat den Mann
Ich habe den Mann getroffen,I met the man,6822,7.0,5419545,getroffen,den,met,met,Mann,man,traf,habe,Ich,Ich habe,Ich habe den Mann
Er hat den Mann getroffen,He met the man,6822,7.0,5419545,getroffen,den,met,met,Mann,man,traf,hat,Er,Er hat,Er hat den Mann
Der Mann hat den Mann getroffen,The man met the man,6822,7.0,5419545,getroffen,den,met,met,Mann,man,traf,hat,Der Mann,Der Mann hat,Der Mann hat den Mann
Die Frau hat den Mann getroffen,The woman met the man,6822,7.0,5419545,getroffen,den,met,met,Mann,man,traf,hat,Die Frau,Die Frau hat,Die Frau hat den Mann
Ich habe den Mann geheiratet,I married the man,5087,8.18,5419545,geheiratet,den,married,married,Mann,man,heiratete,habe,Ich,Ich habe,Ich habe den Mann
Er hat den Mann geheiratet,He married the man,5087,8.18,5419545,geheiratet,den,married,married,Mann,man,heiratete,hat,Er,Er hat,Er hat den Mann
Der Mann hat den Mann geheiratet,The man married the man,5087,8.18,5419545,geheiratet,den,married,married,Mann,man,heiratete,hat,Der Mann,Der Mann hat,Der Mann hat den Mann
Die Frau hat den Mann geheiratet,The woman married the man,5087,8.18,5419545,geheiratet,den,married,married,Mann,man,heiratete,hat,Die Frau,Die Frau hat,Die Frau hat den Mann
Ich habe den Mann gefragt,I asked the man,4766,7.44,5419545,gefragt,den,asked,asked,Mann,man,fragte,habe,Ich,Ich habe,Ich habe den Mann
Er hat den Mann gefragt,He asked the man,4766,7.44,5419545,gefragt,den,asked,asked,Mann,man,fragte,hat,Er,Er hat,Er hat den Mann
Der Mann hat den Mann gefragt,The man asked the man,4766,7.44,5419545,gefragt,den,asked,asked,Mann,man,fragte,hat,Der Mann,Der Mann hat,Der Mann hat den Mann
Die Frau hat den Mann gefragt,The woman asked the man,4766,7.44,5419545,gefragt,den,asked,asked,Mann,man,fragte,hat,Die Frau,Die Frau hat,Die Frau hat den Mann
Ich habe den Mann getötet,I killed the man,3815,7.51,5419545,getötet,den,killed,killed,Mann,man,tötete,habe,Ich,Ich habe,Ich habe den Mann
Er hat den Mann getötet,He killed the man,3815,7.51,5419545,getötet,den,killed,killed,Mann,man,tötete,hat,Er,Er hat,Er hat den Mann
Der Mann hat den Mann getötet,The man killed the man,3815,7.51,5419545,getötet,den,killed,killed,Mann,man,tötete,hat,Der Mann,Der Mann hat,Der Mann hat den Mann
Die Frau hat den Mann getötet,The woman killed the man,3815,7.51,5419545,getötet,den,killed,killed,Mann,man,tötete,hat,Die Frau,Die Frau hat,Die Frau hat den Mann
Ich habe den Mann gehalten,I held the man,3631,5.06,5419545,gehalten,den,held,held,Mann,man,hielt,habe,Ich,Ich habe,Ich habe den Mann
Er hat den Mann gehalten,He held the man,3631,5.06,5419545,gehalten,den,held,held,Mann,man,hielt,hat,Er,Er hat,Er hat den Mann
Der Mann hat den Mann gehalten,The man held the man,3631,5.06,5419545,gehalten,den,held,held,Mann,man,hielt,hat,Der Mann,Der Mann hat,Der Mann hat den Mann
Die Frau hat den Mann gehalten,The woman held the man,3631,5.06,5419545,gehalten,den,held,held,Mann,man,hielt,hat,Die Frau,Die Frau hat,Die Frau hat den Mann
Ich habe den Mann verlassen,I left the man,2822,5.89,5419545,verlassen,den,left,left,Mann,man,verließ,habe,Ich,Ich habe,Ich habe den Mann
Er hat den Mann verlassen,He left the man,2822,5.89,5419545,verlassen,den,left,left,Mann,man,verließ,hat,Er,Er hat,Er hat den Mann
Der Mann hat den Mann verlassen,The man left the man,2822,5.89,5419545,verlassen,den,left,left,Mann,man,verließ,hat,Der Mann,Der Mann hat,Der Mann hat den Mann
Die Frau hat den Mann verlassen,The woman left the man,2822,5.89,5419545,verlassen,den,left,left,Mann,man,verließ,hat,Die Frau,Die Frau hat,Die Frau hat den Mann
Ich habe den Mann geschickt,I sent the man,2752,6.19,5419545,geschickt,den,sent,sent,Mann,man,schickte,habe,Ich,Ich habe,Ich habe den Mann
Er hat den Mann geschickt,He sent the man,2752,6.19,5419545,geschickt,den,sent,sent,Mann,man,schickte,hat,Er,Er hat,Er hat den Mann
Der Mann hat den Mann geschickt,The man sent the man,2752,6.19,5419545,geschickt,den,sent,sent,Mann,man,schickte,hat,Der Mann,Der Mann hat,Der Mann hat den Mann
Die Frau hat den Mann geschickt,The woman sent the man,2752,6.19,5419545,geschickt,den,sent,sent,Mann,man,schickte,hat,Die Frau,Die Frau hat,Die Frau hat den Mann
Ich habe den Mann erkannt,I recognised the man,2406,5.59,5419545,erkannt,den,recognised,recognised,Mann,man,erkannte,habe,Ich,Ich habe,Ich habe den Mann
Er hat den Mann erkannt,He recognised the man,2406,5.59,5419545,erkannt,den,recognised,recognised,Mann,man,erkannte,hat,Er,Er hat,Er hat den Mann
Der Mann hat den Mann erkannt,The man recognised the man,2406,5.59,5419545,erkannt,den,recognised,recognised,Mann,man,erkannte,hat,Der Mann,Der Mann hat,Der Mann hat den Mann
Die Frau hat den Mann erkannt,The woman recognised the man,2406,5.59,5419545,erkannt,den,recognised,recognised,Mann,man,erkannte,hat,Die Frau,Die Frau hat,Die Frau hat den Mann
Ich habe den Mann beobachtet,I watched the man,2327,6.38,5419545,beobachtet,den,watched,watched,Mann,man,beobachtete,habe,Ich,Ich habe,Ich habe den Mann
Er hat den Mann beobachtet,He watched the man,2327,6.38,5419545,beobachtet,den,watched,watched,Mann,man,beobachtete,hat,Er,Er hat,Er hat den Mann
Der Mann hat den Mann beobachtet,The man watched the man,2327,6.38,5419545,beobachtet,den,watched,watched,Mann,man,beobachtete,hat,Der Mann,Der Mann hat,Der Mann hat den Mann
Die Frau hat den Mann beobachtet,The woman watched the man,2327,6.38,5419545,beobachtet,den,watched,watched,Mann,man,beobachtete,hat,Die Frau,Die Frau hat,Die Frau hat den Mann
Ich habe den Mann bekommen,I got the man,2156,3.84,5419545,bekommen,den,got,got,Mann,man,bekam,habe,Ich,Ich habe,Ich habe den Mann
Er hat den Mann bekommen,He got the man,2156,3.84,5419545,bekommen,den,got,got,Mann,man,bekam,hat,Er,Er hat,Er hat den Mann
Der Mann hat den Mann bekommen,The man got the man,2156,3.84,5419545,bekommen,den,got,got,Mann,man,bekam,hat,Der Mann,Der Mann hat,Der Mann hat den Mann
Die Frau hat den Mann bekommen,The woman got the man,2156,3.84,5419545,bekommen,den,got,got,Mann,man,bekam,hat,Die Frau,Die Frau hat,Die Frau hat den Mann
Ich habe den Mann geholt,I took the man,1920,5.48,5419545,geholt,den,taken,took,Mann,man,holte,habe,Ich,Ich habe,Ich habe den Mann
Er hat den Mann geholt,He took the man,1920,5.48,5419545,geholt,den,taken,took,Mann,man,holte,hat,Er,Er hat,Er hat den Mann
Der Mann hat den Mann geholt,The man took the man,1920,5.48,5419545,geholt,den,taken,took,Mann,man,holte,hat,Der Mann,Der Mann hat,Der Mann hat den Mann
Die Frau hat den Mann geholt,The woman took the man,1920,5.48,5419545,geholt,den,taken,took,Mann,man,holte,hat,Die Frau,Die Frau hat,Die Frau hat den Mann
Ich habe den Mann festgenommen,I arrested the man,1826,6.88,5419545,festgenommen,den,arrested,arrested,Mann,man,nahm fest,habe,Ich,Ich habe,Ich habe den Mann
Er hat den Mann festgenommen,He arrested the man,1826,6.88,5419545,festgenommen,den,arrested,arrested,Mann,man,nahm fest,hat,Er,Er hat,Er hat den Mann
Der Mann hat den Mann festgenommen,The man arrested the man,1826,6.88,5419545,festgenommen,den,arrested,arrested,Mann,man,nahm fest,hat,Der Mann,Der Mann hat,Der Mann hat den Mann
Die Frau hat den Mann festgenommen,The woman arrested the man,1826,6.88,5419545,festgenommen,den,arrested,arrested,Mann,man,nahm fest,hat,Die Frau,Die Frau hat,Die Frau hat den Mann
Ich habe den Mann erschossen,I shot the man,1638,6.68,5419545,erschossen,den,shot,shot,Mann,man,erschoss,habe,Ich,Ich habe,Ich habe den Mann
Er hat den Mann erschossen,He shot the man,1638,6.68,5419545,erschossen,den,shot,shot,Mann,man,erschoss,hat,Er,Er hat,Er hat den Mann
Der Mann hat den Mann erschossen,The man shot the man,1638,6.68,5419545,erschossen,den,shot,shot,Mann,man,erschoss,hat,Der Mann,Der Mann hat,Der Mann hat den Mann
Die Frau hat den Mann erschossen,The woman shot the man,1638,6.68,5419545,erschossen,den,shot,shot,Mann,man,erschoss,hat,Die Frau,Die Frau hat,Die Frau hat den Mann
Ich habe den Mann genannt,I named the man,1635,5.15,5419545,genannt,den,named,named,Mann,man,nannte,habe,Ich,Ich habe,Ich habe den Mann
Er hat den Mann genannt,He named the man,1635,5.15,5419545,genannt,den,named,named,Mann,man,nannte,hat,Er,Er hat,Er hat den Mann
Der Mann hat den Mann genannt,The man named the man,1635,5.15,5419545,genannt,den,named,named,Mann,man,nannte,hat,Der Mann,Der Mann hat,Der Mann hat den Mann
Die Frau hat den Mann genannt,The woman named the man,1635,5.15,5419545,genannt,den,named,named,Mann,man,nannte,hat,Die Frau,Die Frau hat,Die Frau hat den Mann
Ich habe den Mann gerufen,I called the man,1622,5.89,5419545,gerufen,den,called,called,Mann,man,rief,habe,Ich,Ich habe,Ich habe den Mann
Er hat den Mann gerufen,He called the man,1622,5.89,5419545,gerufen,den,called,called,Mann,man,rief,hat,Er,Er hat,Er hat den Mann
Der Mann hat den Mann gerufen,The man called the man,1622,5.89,5419545,gerufen,den,called,called,Mann,man,rief,hat,Der Mann,Der Mann hat,Der Mann hat den Mann
Die Frau hat den Mann gerufen,The woman called the man,1622,5.89,5419545,gerufen,den,called,called,Mann,man,rief,hat,Die Frau,Die Frau hat,Die Frau hat den Mann
Ich habe den Mann geschlagen,I hit the man,1615,5.59,5419545,geschlagen,den,hit,hit,Mann,man,schlug,habe,Ich,Ich habe,Ich habe den Mann
Er hat den Mann geschlagen,He hit the man,1615,5.59,5419545,geschlagen,den,hit,hit,Mann,man,schlug,hat,Er,Er hat,Er hat den Mann
Der Mann hat den Mann geschlagen,The man hit the man,1615,5.59,5419545,geschlagen,den,hit,hit,Mann,man,schlug,hat,Der Mann,Der Mann hat,Der Mann hat den Mann
Die Frau hat den Mann geschlagen,The woman hit the man,1615,5.59,5419545,geschlagen,den,hit,hit,Mann,man,schlug,hat,Die Frau,Die Frau hat,Die Frau hat den Mann
Ich habe den Mann gerettet,I saved the man,1540,5.83,5419545,gerettet,den,saved,saved,Mann,man,rettete,habe,Ich,Ich habe,Ich habe den Mann
Er hat den Mann gerettet,He saved the man,1540,5.83,5419545,gerettet,den,saved,saved,Mann,man,rettete,hat,Er,Er hat,Er hat den Mann
Der Mann hat den Mann gerettet,The man saved the man,1540,5.83,5419545,gerettet,den,saved,saved,Mann,man,rettete,hat,Der Mann,Der Mann hat,Der Mann hat den Mann
Die Frau hat den Mann gerettet,The woman saved the man,1540,5.83,5419545,gerettet,den,saved,saved,Mann,man,rettete,hat,Die Frau,Die Frau hat,Die Frau hat den Mann
Ich habe den Mann gesetzt,I seated the man,1516,3.97,5419545,gesetzt,den,seated,seated,Mann,man,setzte,habe,Ich,Ich habe,Ich habe den Mann
Er hat den Mann gesetzt,He seated the man,1516,3.97,5419545,gesetzt,den,seated,seated,Mann,man,setzte,hat,Er,Er hat,Er hat den Mann
Der Mann hat den Mann gesetzt,The man seated the man,1516,3.97,5419545,gesetzt,den,seated,seated,Mann,man,setzte,hat,Der Mann,Der Mann hat,Der Mann hat den Mann
Die Frau hat den Mann gesetzt,The woman seated the man,1516,3.97,5419545,gesetzt,den,seated,seated,Mann,man,setzte,hat,Die Frau,Die Frau hat,Die Frau hat den Mann
Ich habe den Mann entdeckt,I discovered the man,1497,5.04,5419545,entdeckt,den,discovered,discovered,Mann,man,entdeckte,habe,Ich,Ich habe,Ich habe den Mann
Er hat den Mann entdeckt,He discovered the man,1497,5.04,5419545,entdeckt,den,discovered,discovered,Mann,man,entdeckte,hat,Er,Er hat,Er hat den Mann
Der Mann hat den Mann entdeckt,The man discovered the man,1497,5.04,5419545,entdeckt,den,discovered,discovered,Mann,man,entdeckte,hat,Der Mann,Der Mann hat,Der Mann hat den Mann
Die Frau hat den Mann entdeckt,The woman discovered the man,1497,5.04,5419545,entdeckt,den,discovered,discovered,Mann,man,entdeckte,hat,Die Frau,Die Frau hat,Die Frau hat den Mann
Ich habe den Mann verführt,I seduced the man,1459,6.55,5419545,verführt,den,seduced,seduced,Mann,man,verführte,habe,Ich,Ich habe,Ich habe den Mann
Er hat den Mann verführt,He seduced the man,1459,6.55,5419545,verführt,den,seduced,seduced,Mann,man,verführte,hat,Er,Er hat,Er hat den Mann
Der Mann hat den Mann verführt,The man seduced the man,1459,6.55,5419545,verführt,den,seduced,seduced,Mann,man,verführte,hat,Der Mann,Der Mann hat,Der Mann hat den Mann
Die Frau hat den Mann verführt,The woman seduced the man,1459,6.55,5419545,verführt,den,seduced,seduced,Mann,man,verführte,hat,Die Frau,Die Frau hat,Die Frau hat den Mann
Ich habe den Mann gewählt,I chose the man,1326,4.73,5419545,gewählt,den,chosen,chose,Mann,man,wählte,habe,Ich,Ich habe,Ich habe den Mann
Er hat den Mann gewählt,He chose the man,1326,4.73,5419545,gewählt,den,chosen,chose,Mann,man,wählte,hat,Er,Er hat,Er hat den Mann
Der Mann hat den Mann gewählt,The man chose the man,1326,4.73,5419545,gewählt,den,chosen,chose,Mann,man,wählte,hat,Der Mann,Der Mann hat,Der Mann hat den Mann
Die Frau hat den Mann gewählt,The woman chose the man,1326,4.73,5419545,gewählt,den,chosen,chose,Mann,man,wählte,hat,Die Frau,Die Frau hat,Die Frau hat den Mann
Ich habe den Mann gehört,I heard the man,1318,5.11,5419545,gehört,den,heard,heard,Mann,man,hörte,habe,Ich,Ich habe,Ich habe den Mann
Er hat den Mann gehört,He heard the man,1318,5.11,5419545,gehört,den,heard,heard,Mann,man,hörte,hat,Er,Er hat,Er hat den Mann
Der Mann hat den Mann gehört,The man heard the man,1318,5.11,5419545,gehört,den,heard,heard,Mann,man,hörte,hat,Der Mann,Der Mann hat,Der Mann hat den Mann
Die Frau hat den Mann gehört,The woman heard the man,1318,5.11,5419545,gehört,den,heard,heard,Mann,man,hörte,hat,Die Frau,Die Frau hat,Die Frau hat den Mann
Ich habe den Mann überzeugt,I convinced the man,1286,5.88,5419545,überzeugt,den,convinced,convinced,Mann,man,überzeugte,habe,Ich,Ich habe,Ich habe den Mann
Er hat den Mann überzeugt,He convinced the man,1286,5.88,5419545,überzeugt,den,convinced,convinced,Mann,man,überzeugte,hat,Er,Er hat,Er hat den Mann
Der Mann hat den Mann überzeugt,The man convinced the man,1286,5.88,5419545,überzeugt,den,convinced,convinced,Mann,man,überzeugte,hat,Der Mann,Der Mann hat,Der Mann hat den Mann
Die Frau hat den Mann überzeugt,The woman convinced the man,1286,5.88,5419545,überzeugt,den,convinced,convinced,Mann,man,überzeugte,hat,Die Frau,Die Frau hat,Die Frau hat den Mann
Ich habe den Mann besucht,I visited the man,1106,4.62,5419545,besucht,den,visited,visited,Mann,man,besuchte,habe,Ich,Ich habe,Ich habe den Mann
Er hat den Mann besucht,He visited the man,1106,4.62,5419545,besucht,den,visited,visited,Mann,man,besuchte,hat,Er,Er hat,Er hat den Mann
Der Mann hat den Mann besucht,The man visited the man,1106,4.62,5419545,besucht,den,visited,visited,Mann,man,besuchte,hat,Der Mann,Der Mann hat,Der Mann hat den Mann
Die Frau hat den Mann besucht,The woman visited the man,1106,4.62,5419545,besucht,den,visited,visited,Mann,man,besuchte,hat,Die Frau,Die Frau hat,Die Frau hat den Mann
Ich habe den Mann umgebracht,I killed the man,1026,6.01,5419545,umgebracht,den,killed,killed,Mann,man,brachte um,habe,Ich,Ich habe,Ich habe den Mann
Er hat den Mann umgebracht,He killed the man,1026,6.01,5419545,umgebracht,den,killed,killed,Mann,man,brachte um,hat,Er,Er hat,Er hat den Mann
Der Mann hat den Mann umgebracht,The man killed the man,1026,6.01,5419545,umgebracht,den,killed,killed,Mann,man,brachte um,hat,Der Mann,Der Mann hat,Der Mann hat den Mann
Die Frau hat den Mann umgebracht,The woman killed the man,1026,6.01,5419545,umgebracht,den,killed,killed,Mann,man,brachte um,hat,Die Frau,Die Frau hat,Die Frau hat den Mann
Ich habe den Mann gerichtet,I judged the man,1018,4.97,5419545,gerichtet,den,judged,judged,Mann,man,richtete,habe,Ich,Ich habe,Ich habe den Mann
Er hat den Mann gerichtet,He judged the man,1018,4.97,5419545,gerichtet,den,judged,judged,Mann,man,richtete,hat,Er,Er hat,Er hat den Mann
Der Mann hat den Mann gerichtet,The man judged the man,1018,4.97,5419545,gerichtet,den,judged,judged,Mann,man,richtete,hat,Der Mann,Der Mann hat,Der Mann hat den Mann
Die Frau hat den Mann gerichtet,The woman judged the man,1018,4.97,5419545,gerichtet,den,judged,judged,Mann,man,richtete,hat,Die Frau,Die Frau hat,Die Frau hat den Mann
Ich habe den Mann erwartet,I expected the man,1016,4.73,5419545,erwartet,den,expected,expected,Mann,man,erwartete,habe,Ich,Ich habe,Ich habe den Mann
Er hat den Mann erwartet,He expected the man,1016,4.73,5419545,erwartet,den,expected,expected,Mann,man,erwartete,hat,Er,Er hat,Er hat den Mann
Der Mann hat den Mann erwartet,The man expected the man,1016,4.73,5419545,erwartet,den,expected,expected,Mann,man,erwartete,hat,Der Mann,Der Mann hat,Der Mann hat den Mann
Die Frau hat den Mann erwartet,The woman expected the man,1016,4.73,5419545,erwartet,den,expected,expected,Mann,man,erwartete,hat,Die Frau,Die Frau hat,Die Frau hat den Mann
Ich habe den Mann bemerkt,I noticed the man,998,5.73,5419545,bemerkt,den,noticed,noticed,Mann,man,bemerkte,habe,Ich,Ich habe,Ich habe den Mann
Er hat den Mann bemerkt,He noticed the man,998,5.73,5419545,bemerkt,den,noticed,noticed,Mann,man,bemerkte,hat,Er,Er hat,Er hat den Mann
Der Mann hat den Mann bemerkt,The man noticed the man,998,5.73,5419545,bemerkt,den,noticed,noticed,Mann,man,bemerkte,hat,Der Mann,Der Mann hat,Der Mann hat den Mann
Die Frau hat den Mann bemerkt,The woman noticed the man,998,5.73,5419545,bemerkt,den,noticed,noticed,Mann,man,bemerkte,hat,Die Frau,Die Frau hat,Die Frau hat den Mann
Ich habe den Mann vorgestellt,I presented the man,990,4.9,5419545,vorgestellt,den,presented,presented,Mann,man,stellte vor,habe,Ich,Ich habe,Ich habe den Mann
Er hat den Mann vorgestellt,He presented the man,990,4.9,5419545,vorgestellt,den,presented,presented,Mann,man,stellte vor,hat,Er,Er hat,Er hat den Mann
Der Mann hat den Mann vorgestellt,The man presented the man,990,4.9,5419545,vorgestellt,den,presented,presented,Mann,man,stellte vor,hat,Der Mann,Der Mann hat,Der Mann hat den Mann
Die Frau hat den Mann vorgestellt,The woman presented the man,990,4.9,5419545,vorgestellt,den,presented,presented,Mann,man,stellte vor,hat,Die Frau,Die Frau hat,Die Frau hat den Mann
Ich habe den Mann verletzt,I hurt the man,988,5.59,5419545,verletzt,den,hurt,hurt,Mann,man,verletzte,habe,Ich,Ich habe,Ich habe den Mann
Er hat den Mann verletzt,He hurt the man,988,5.59,5419545,verletzt,den,hurt,hurt,Mann,man,verletzte,hat,Er,Er hat,Er hat den Mann
Der Mann hat den Mann verletzt,The man hurt the man,988,5.59,5419545,verletzt,den,hurt,hurt,Mann,man,verletzte,hat,Der Mann,Der Mann hat,Der Mann hat den Mann
Die Frau hat den Mann verletzt,The woman hurt the man,988,5.59,5419545,verletzt,den,hurt,hurt,Mann,man,verletzte,hat,Die Frau,Die Frau hat,Die Frau hat den Mann
Ich habe den Mann ermordet,I murdered the man,930,5.85,5419545,ermordet,den,murdered,murdered,Mann,man,ermordete,habe,Ich,Ich habe,Ich habe den Mann
Er hat den Mann ermordet,He murdered the man,930,5.85,5419545,ermordet,den,murdered,murdered,Mann,man,ermordete,hat,Er,Er hat,Er hat den Mann
Der Mann hat den Mann ermordet,The man murdered the man,930,5.85,5419545,ermordet,den,murdered,murdered,Mann,man,ermordete,hat,Der Mann,Der Mann hat,Der Mann hat den Mann
Die Frau hat den Mann ermordet,The woman murdered the man,930,5.85,5419545,ermordet,den,murdered,murdered,Mann,man,ermordete,hat,Die Frau,Die Frau hat,Die Frau hat den Mann
Ich habe den Mann befreit,I freed the man,910,5.59,5419545,befreit,den,freed,freed,Mann,man,befreite,habe,Ich,Ich habe,Ich habe den Mann
Er hat den Mann befreit,He freed the man,910,5.59,5419545,befreit,den,freed,freed,Mann,man,befreite,hat,Er,Er hat,Er hat den Mann
Der Mann hat den Mann befreit,The man freed the man,910,5.59,5419545,befreit,den,freed,freed,Mann,man,befreite,hat,Der Mann,Der Mann hat,Der Mann hat den Mann
Die Frau hat den Mann befreit,The woman freed the man,910,5.59,5419545,befreit,den,freed,freed,Mann,man,befreite,hat,Die Frau,Die Frau hat,Die Frau hat den Mann
Ich habe den Mann bezeichnet,I labelled the man,885,4.9,5419545,bezeichnet,den,labelled,labelled,Mann,man,bezeichnete,habe,Ich,Ich habe,Ich habe den Mann
Er hat den Mann bezeichnet,He labelled the man,885,4.9,5419545,bezeichnet,den,labelled,labelled,Mann,man,bezeichnete,hat,Er,Er hat,Er hat den Mann
Der Mann hat den Mann bezeichnet,The man labelled the man,885,4.9,5419545,bezeichnet,den,labelled,labelled,Mann,man,bezeichnete,hat,Der Mann,Der Mann hat,Der Mann hat den Mann
Die Frau hat den Mann bezeichnet,The woman labelled the man,885,4.9,5419545,bezeichnet,den,labelled,labelled,Mann,man,bezeichnete,hat,Die Frau,Die Frau hat,Die Frau hat den Mann
Ich habe den Mann dargestellt,I portrayed the man,877,4.19,5419545,dargestellt,den,portrayed,portrayed,Mann,man,stellte dar,habe,Ich,Ich habe,Ich habe den Mann
Er hat den Mann dargestellt,He portrayed the man,877,4.19,5419545,dargestellt,den,portrayed,portrayed,Mann,man,stellte dar,hat,Er,Er hat,Er hat den Mann
Der Mann hat den Mann dargestellt,The man portrayed the man,877,4.19,5419545,dargestellt,den,portrayed,portrayed,Mann,man,stellte dar,hat,Der Mann,Der Mann hat,Der Mann hat den Mann
Die Frau hat den Mann dargestellt,The woman portrayed the man,877,4.19,5419545,dargestellt,den,portrayed,portrayed,Mann,man,stellte dar,hat,Die Frau,Die Frau hat,Die Frau hat den Mann
Ich habe den Mann erinnert,I reminded the man,852,5.0,5419545,erinnert,den,reminded,reminded,Mann,man,erinnerte,habe,Ich,Ich habe,Ich habe den Mann
Er hat den Mann erinnert,He reminded the man,852,5.0,5419545,erinnert,den,reminded,reminded,Mann,man,erinnerte,hat,Er,Er hat,Er hat den Mann
Der Mann hat den Mann erinnert,The man reminded the man,852,5.0,5419545,erinnert,den,reminded,reminded,Mann,man,erinnerte,hat,Der Mann,Der Mann hat,Der Mann hat den Mann
Die Frau hat den Mann erinnert,The woman reminded the man,852,5.0,5419545,erinnert,den,reminded,reminded,Mann,man,erinnerte,hat,Die Frau,Die Frau hat,Die Frau hat den Mann
Ich habe den Mann geworfen,I threw the man,850,4.25,5419545,geworfen,den,thrown,threw,Mann,man,warf,habe,Ich,Ich habe,Ich habe den Mann
Er hat den Mann geworfen,He threw the man,850,4.25,5419545,geworfen,den,thrown,threw,Mann,man,warf,hat,Er,Er hat,Er hat den Mann
Der Mann hat den Mann geworfen,The man threw the man,850,4.25,5419545,geworfen,den,thrown,threw,Mann,man,warf,hat,Der Mann,Der Mann hat,Der Mann hat den Mann
Die Frau hat den Mann geworfen,The woman threw the man,850,4.25,5419545,geworfen,den,thrown,threw,Mann,man,warf,hat,Die Frau,Die Frau hat,Die Frau hat den Mann
Ich habe den Mann geküsst,I kissed the man,833,5.68,5419545,geküsst,den,kissed,kissed,Mann,man,küsste,habe,Ich,Ich habe,Ich habe den Mann
Er hat den Mann geküsst,He kissed the man,833,5.68,5419545,geküsst,den,kissed,kissed,Mann,man,küsste,hat,Er,Er hat,Er hat den Mann
Der Mann hat den Mann geküsst,The man kissed the man,833,5.68,5419545,geküsst,den,kissed,kissed,Mann,man,küsste,hat,Der Mann,Der Mann hat,Der Mann hat den Mann
Die Frau hat den Mann geküsst,The woman kissed the man,833,5.68,5419545,geküsst,den,kissed,kissed,Mann,man,küsste,hat,Die Frau,Die Frau hat,Die Frau hat den Mann
Ich habe den Mann behandelt,I treated the man,764,4.86,5419545,behandelt,den,treated,treated,Mann,man,behandelte,habe,Ich,Ich habe,Ich habe den Mann
Er hat den Mann behandelt,He treated the man,764,4.86,5419545,behandelt,den,treated,treated,Mann,man,behandelte,hat,Er,Er hat,Er hat den Mann
Der Mann hat den Mann behandelt,The man treated the man,764,4.86,5419545,behandelt,den,treated,treated,Mann,man,behandelte,hat,Der Mann,Der Mann hat,Der Mann hat den Mann
Die Frau hat den Mann behandelt,The woman treated the man,764,4.86,5419545,behandelt,den,treated,treated,Mann,man,behandelte,hat,Die Frau,Die Frau hat,Die Frau hat den Mann
Ich habe die Frau gesehen,I saw the woman,15356,6.68,7980369,gesehen,die,seen,saw,Frau,woman,sah,habe,Ich,Ich habe,Ich habe die Frau
Er hat die Frau gesehen,He saw the woman,15356,6.68,7980369,gesehen,die,seen,saw,Frau,woman,sah,hat,Er,Er hat,Er hat die Frau
Der Mann hat die Frau gesehen,The man saw the woman,15356,6.68,7980369,gesehen,die,seen,saw,Frau,woman,sah,hat,Der Mann,Der Mann hat,Der Mann hat die Frau
Die Frau hat die Frau gesehen,The woman saw the woman,15356,6.68,7980369,gesehen,die,seen,saw,Frau,woman,sah,hat,Die Frau,Die Frau hat,Die Frau hat die Frau
Ich habe die Frau gefunden,I found the woman,14682,5.57,7980369,gefunden,die,found,found,Frau,woman,fand,habe,Ich,Ich habe,Ich habe die Frau
Er hat die Frau gefunden,He found the woman,14682,5.57,7980369,gefunden,die,found,found,Frau,woman,fand,hat,Er,Er hat,Er hat die Frau
Der Mann hat die Frau gefunden,The man found the woman,14682,5.57,7980369,gefunden,die,found,found,Frau,woman,fand,hat,Der Mann,Der Mann hat,Der Mann hat die Frau
Die Frau hat die Frau gefunden,The woman found the woman,14682,5.57,7980369,gefunden,die,found,found,Frau,woman,fand,hat,Die Frau,Die Frau hat,Die Frau hat die Frau
Ich habe die Frau gebracht,I brought the woman,11682,6.08,7980369,gebracht,die,brought,brought,Frau,woman,brachte,habe,Ich,Ich habe,Ich habe die Frau
Er hat die Frau gebracht,He brought the woman,11682,6.08,7980369,gebracht,die,brought,brought,Frau,woman,brachte,hat,Er,Er hat,Er hat die Frau
Der Mann hat die Frau gebracht,The man brought the woman,11682,6.08,7980369,gebracht,die,brought,brought,Frau,woman,brachte,hat,Der Mann,Der Mann hat,Der Mann hat die Frau
Die Frau hat die Frau gebracht,The woman brought the woman,11682,6.08,7980369,gebracht,die,brought,brought,Frau,woman,brachte,hat,Die Frau,Die Frau hat,Die Frau hat die Frau
Ich habe die Frau gekannt,I knew the woman,11285,7.15,7980369,gekannt,die,known,knew,Frau,woman,kannte,habe,Ich,Ich habe,Ich habe die Frau
Er hat die Frau gekannt,He knew the woman,11285,7.15,7980369,gekannt,die,known,knew,Frau,woman,kannte,hat,Er,Er hat,Er hat die Frau
Der Mann hat die Frau gekannt,The man knew the woman,11285,7.15,7980369,gekannt,die,known,knew,Frau,woman,kannte,hat,Der Mann,Der Mann hat,Der Mann hat die Frau
Die Frau hat die Frau gekannt,The woman knew the woman,11285,7.15,7980369,gekannt,die,known,knew,Frau,woman,kannte,hat,Die Frau,Die Frau hat,Die Frau hat die Frau
Ich habe die Frau genommen,I took the woman,6196,5.02,7980369,genommen,die,taken,took,Frau,woman,nahm,habe,Ich,Ich habe,Ich habe die Frau
Er hat die Frau genommen,He took the woman,6196,5.02,7980369,genommen,die,taken,took,Frau,woman,nahm,hat,Er,Er hat,Er hat die Frau
Der Mann hat die Frau genommen,The man took the woman,6196,5.02,7980369,genommen,die,taken,took,Frau,woman,nahm,hat,Der Mann,Der Mann hat,Der Mann hat die Frau
Die Frau hat die Frau genommen,The woman took the woman,6196,5.02,7980369,genommen,die,taken,took,Frau,woman,nahm,hat,Die Frau,Die Frau hat,Die Frau hat die Frau
Ich habe die Frau geheiratet,I married the woman,6022,8.2,7980369,geheiratet,die,married,married,Frau,woman,heiratete,habe,Ich,Ich habe,Ich habe die Frau
Er hat die Frau geheiratet,He married the woman,6022,8.2,7980369,geheiratet,die,married,married,Frau,woman,heiratete,hat,Er,Er hat,Er hat die Frau
Der Mann hat die Frau geheiratet,The man married the woman,6022,8.2,7980369,geheiratet,die,married,married,Frau,woman,heiratete,hat,Der Mann,Der Mann hat,Der Mann hat die Frau
Die Frau hat die Frau geheiratet,The woman married the woman,6022,8.2,7980369,geheiratet,die,married,married,Frau,woman,heiratete,hat,Die Frau,Die Frau hat,Die Frau hat die Frau
Ich habe die Frau gefragt,I asked the woman,4430,7.18,7980369,gefragt,die,asked,asked,Frau,woman,fragte,habe,Ich,Ich habe,Ich habe die Frau
Er hat die Frau gefragt,He asked the woman,4430,7.18,7980369,gefragt,die,asked,asked,Frau,woman,fragte,hat,Er,Er hat,Er hat die Frau
Der Mann hat die Frau gefragt,The man asked the woman,4430,7.18,7980369,gefragt,die,asked,asked,Frau,woman,fragte,hat,Der Mann,Der Mann hat,Der Mann hat die Frau
Die Frau hat die Frau gefragt,The woman asked the woman,4430,7.18,7980369,gefragt,die,asked,asked,Frau,woman,fragte,hat,Die Frau,Die Frau hat,Die Frau hat die Frau
Ich habe die Frau gehalten,I held the woman,3169,4.82,7980369,gehalten,die,held,held,Frau,woman,hielt,habe,Ich,Ich habe,Ich habe die Frau
Er hat die Frau gehalten,He held the woman,3169,4.82,7980369,gehalten,die,held,held,Frau,woman,hielt,hat,Er,Er hat,Er hat die Frau
Der Mann hat die Frau gehalten,The man held the woman,3169,4.82,7980369,gehalten,die,held,held,Frau,woman,hielt,hat,Der Mann,Der Mann hat,Der Mann hat die Frau
Die Frau hat die Frau gehalten,The woman held the woman,3169,4.82,7980369,gehalten,die,held,held,Frau,woman,hielt,hat,Die Frau,Die Frau hat,Die Frau hat die Frau
Ich habe die Frau getötet,I killed the woman,3042,7.0,7980369,getötet,die,killed,killed,Frau,woman,tötete,habe,Ich,Ich habe,Ich habe die Frau
Er hat die Frau getötet,He killed the woman,3042,7.0,7980369,getötet,die,killed,killed,Frau,woman,tötete,hat,Er,Er hat,Er hat die Frau
Der Mann hat die Frau getötet,The man killed the woman,3042,7.0,7980369,getötet,die,killed,killed,Frau,woman,tötete,hat,Der Mann,Der Mann hat,Der Mann hat die Frau
Die Frau hat die Frau getötet,The woman killed the woman,3042,7.0,7980369,getötet,die,killed,killed,Frau,woman,tötete,hat,Die Frau,Die Frau hat,Die Frau hat die Frau
Ich habe die Frau geschlagen,I hit the woman,2966,6.35,7980369,geschlagen,die,hit,hit,Frau,woman,schlug,habe,Ich,Ich habe,Ich habe die Frau
Er hat die Frau geschlagen,He hit the woman,2966,6.35,7980369,geschlagen,die,hit,hit,Frau,woman,schlug,hat,Er,Er hat,Er hat die Frau
Der Mann hat die Frau geschlagen,The man hit the woman,2966,6.35,7980369,geschlagen,die,hit,hit,Frau,woman,schlug,hat,Der Mann,Der Mann hat,Der Mann hat die Frau
Die Frau hat die Frau geschlagen,The woman hit the woman,2966,6.35,7980369,geschlagen,die,hit,hit,Frau,woman,schlug,hat,Die Frau,Die Frau hat,Die Frau hat die Frau
Ich habe die Frau vergewaltigt,I raped the woman,2848,7.29,7980369,vergewaltigt,die,raped,raped,Frau,woman,vergewaltigte,habe,Ich,Ich habe,Ich habe die Frau
Er hat die Frau vergewaltigt,He raped the woman,2848,7.29,7980369,vergewaltigt,die,raped,raped,Frau,woman,vergewaltigte,hat,Er,Er hat,Er hat die Frau
Der Mann hat die Frau vergewaltigt,The man raped the woman,2848,7.29,7980369,vergewaltigt,die,raped,raped,Frau,woman,vergewaltigte,hat,Der Mann,Der Mann hat,Der Mann hat die Frau
Die Frau hat die Frau vergewaltigt,The woman raped the woman,2848,7.29,7980369,vergewaltigt,die,raped,raped,Frau,woman,vergewaltigte,hat,Die Frau,Die Frau hat,Die Frau hat die Frau
Ich habe die Frau bekommen,I got the woman,2767,4.17,7980369,bekommen,die,got,got,Frau,woman,bekam,habe,Ich,Ich habe,Ich habe die Frau
Er hat die Frau bekommen,He got the woman,2767,4.17,7980369,bekommen,die,got,got,Frau,woman,bekam,hat,Er,Er hat,Er hat die Frau
Der Mann hat die Frau bekommen,The man got the woman,2767,4.17,7980369,bekommen,die,got,got,Frau,woman,bekam,hat,Der Mann,Der Mann hat,Der Mann hat die Frau
Die Frau hat die Frau bekommen,The woman got the woman,2767,4.17,7980369,bekommen,die,got,got,Frau,woman,bekam,hat,Die Frau,Die Frau hat,Die Frau hat die Frau
Ich habe die Frau verloren,I lost the woman,2532,5.4,7980369,verloren,die,lost,lost,Frau,woman,verlor,habe,Ich,Ich habe,Ich habe die Frau
Er hat die Frau verloren,He lost the woman,2532,5.4,7980369,verloren,die,lost,lost,Frau,woman,verlor,hat,Er,Er hat,Er hat die Frau
Der Mann hat die Frau verloren,The man lost the woman,2532,5.4,7980369,verloren,die,lost,lost,Frau,woman,verlor,hat,Der Mann,Der Mann hat,Der Mann hat die Frau
Die Frau hat die Frau verloren,The woman lost the woman,2532,5.4,7980369,verloren,die,lost,lost,Frau,woman,verlor,hat,Die Frau,Die Frau hat,Die Frau hat die Frau
Ich habe die Frau verlassen,I left the woman,2191,5.44,7980369,verlassen,die,left,left,Frau,woman,verließ,habe,Ich,Ich habe,Ich habe die Frau
Er hat die Frau verlassen,He left the woman,2191,5.44,7980369,verlassen,die,left,left,Frau,woman,verließ,hat,Er,Er hat,Er hat die Frau
Der Mann hat die Frau verlassen,The man left the woman,2191,5.44,7980369,verlassen,die,left,left,Frau,woman,verließ,hat,Der Mann,Der Mann hat,Der Mann hat die Frau
Die Frau hat die Frau verlassen,The woman left the woman,2191,5.44,7980369,verlassen,die,left,left,Frau,woman,verließ,hat,Die Frau,Die Frau hat,Die Frau hat die Frau
Ich habe die Frau gerettet,I saved the woman,1814,5.92,7980369,gerettet,die,saved,saved,Frau,woman,rettete,habe,Ich,Ich habe,Ich habe die Frau
Er hat die Frau gerettet,He saved the woman,1814,5.92,7980369,gerettet,die,saved,saved,Frau,woman,rettete,hat,Er,Er hat,Er hat die Frau
Der Mann hat die Frau gerettet,The man saved the woman,1814,5.92,7980369,gerettet,die,saved,saved,Frau,woman,rettete,hat,Der Mann,Der Mann hat,Der Mann hat die Frau
Die Frau hat die Frau gerettet,The woman saved the woman,1814,5.92,7980369,gerettet,die,saved,saved,Frau,woman,rettete,hat,Die Frau,Die Frau hat,Die Frau hat die Frau
Ich habe die Frau geholt,I took the woman,1607,5.12,7980369,geholt,die,taken,took,Frau,woman,holte,habe,Ich,Ich habe,Ich habe die Frau
Er hat die Frau geholt,He took the woman,1607,5.12,7980369,geholt,die,taken,took,Frau,woman,holte,hat,Er,Er hat,Er hat die Frau
Der Mann hat die Frau geholt,The man took the woman,1607,5.12,7980369,geholt,die,taken,took,Frau,woman,holte,hat,Der Mann,Der Mann hat,Der Mann hat die Frau
Die Frau hat die Frau geholt,The woman took the woman,1607,5.12,7980369,geholt,die,taken,took,Frau,woman,holte,hat,Die Frau,Die Frau hat,Die Frau hat die Frau
Ich habe die Frau ermordet,I murdered the woman,1520,6.32,7980369,ermordet,die,murdered,murdered,Frau,woman,ermordete,habe,Ich,Ich habe,Ich habe die Frau
Er hat die Frau ermordet,He murdered the woman,1520,6.32,7980369,ermordet,die,murdered,murdered,Frau,woman,ermordete,hat,Er,Er hat,Er hat die Frau
Der Mann hat die Frau ermordet,The man murdered the woman,1520,6.32,7980369,ermordet,die,murdered,murdered,Frau,woman,ermordete,hat,Der Mann,Der Mann hat,Der Mann hat die Frau
Die Frau hat die Frau ermordet,The woman murdered the woman,1520,6.32,7980369,ermordet,die,murdered,murdered,Frau,woman,ermordete,hat,Die Frau,Die Frau hat,Die Frau hat die Frau
Ich habe die Frau geschickt,I sent the woman,1480,5.19,7980369,geschickt,die,sent,sent,Frau,woman,schickte,habe,Ich,Ich habe,Ich habe die Frau
Er hat die Frau geschickt,He sent the woman,1480,5.19,7980369,geschickt,die,sent,sent,Frau,woman,schickte,hat,Er,Er hat,Er hat die Frau
Der Mann hat die Frau geschickt,The man sent the woman,1480,5.19,7980369,geschickt,die,sent,sent,Frau,woman,schickte,hat,Der Mann,Der Mann hat,Der Mann hat die Frau
Die Frau hat die Frau geschickt,The woman sent the woman,1480,5.19,7980369,geschickt,die,sent,sent,Frau,woman,schickte,hat,Die Frau,Die Frau hat,Die Frau hat die Frau
Ich habe die Frau genannt,I named the woman,1427,4.87,7980369,genannt,die,named,named,Frau,woman,nannte,habe,Ich,Ich habe,Ich habe die Frau
Er hat die Frau genannt,He named the woman,1427,4.87,7980369,genannt,die,named,named,Frau,woman,nannte,hat,Er,Er hat,Er hat die Frau
Der Mann hat die Frau genannt,The man named the woman,1427,4.87,7980369,genannt,die,named,named,Frau,woman,nannte,hat,Der Mann,Der Mann hat,Der Mann hat die Frau
Die Frau hat die Frau genannt,The woman named the woman,1427,4.87,7980369,genannt,die,named,named,Frau,woman,nannte,hat,Die Frau,Die Frau hat,Die Frau hat die Frau
Ich habe die Frau beobachtet,I watched the woman,1422,5.53,7980369,beobachtet,die,watched,watched,Frau,woman,beobachtete,habe,Ich,Ich habe,Ich habe die Frau
Er hat die Frau beobachtet,He watched the woman,1422,5.53,7980369,beobachtet,die,watched,watched,Frau,woman,beobachtete,hat,Er,Er hat,Er hat die Frau
Der Mann hat die Frau beobachtet,The man watched the woman,1422,5.53,7980369,beobachtet,die,watched,watched,Frau,woman,beobachtete,hat,Der Mann,Der Mann hat,Der Mann hat die Frau
Die Frau hat die Frau beobachtet,The woman watched the woman,1422,5.53,7980369,beobachtet,die,watched,watched,Frau,woman,beobachtete,hat,Die Frau,Die Frau hat,Die Frau hat die Frau
Ich habe die Frau gehört,I heard the woman,1417,5.11,7980369,gehört,die,heard,heard,Frau,woman,hörte,habe,Ich,Ich habe,Ich habe die Frau
Er hat die Frau gehört,He heard the woman,1417,5.11,7980369,gehört,die,heard,heard,Frau,woman,hörte,hat,Er,Er hat,Er hat die Frau
Der Mann hat die Frau gehört,The man heard the woman,1417,5.11,7980369,gehört,die,heard,heard,Frau,woman,hörte,hat,Der Mann,Der Mann hat,Der Mann hat die Frau
Die Frau hat die Frau gehört,The woman heard the woman,1417,5.11,7980369,gehört,die,heard,heard,Frau,woman,hörte,hat,Die Frau,Die Frau hat,Die Frau hat die Frau
Ich habe die Frau besucht,I visited the woman,1408,4.88,7980369,besucht,die,visited,visited,Frau,woman,besuchte,habe,Ich,Ich habe,Ich habe die Frau
Er hat die Frau besucht,He visited the woman,1408,4.88,7980369,besucht,die,visited,visited,Frau,woman,besuchte,hat,Er,Er hat,Er hat die Frau
Der Mann hat die Frau besucht,The man visited the woman,1408,4.88,7980369,besucht,die,visited,visited,Frau,woman,besuchte,hat,Der Mann,Der Mann hat,Der Mann hat die Frau
Die Frau hat die Frau besucht,The woman visited the woman,1408,4.88,7980369,besucht,die,visited,visited,Frau,woman,besuchte,hat,Die Frau,Die Frau hat,Die Frau hat die Frau
Ich habe die Frau befreit,I freed the woman,1350,5.94,7980369,befreit,die,freed,freed,Frau,woman,befreite,habe,Ich,Ich habe,Ich habe die Frau
Er hat die Frau befreit,He freed the woman,1350,5.94,7980369,befreit,die,freed,freed,Frau,woman,befreite,hat,Er,Er hat,Er hat die Frau
Der Mann hat die Frau befreit,The man freed the woman,1350,5.94,7980369,befreit,die,freed,freed,Frau,woman,befreite,hat,Der Mann,Der Mann hat,Der Mann hat die Frau
Die Frau hat die Frau befreit,The woman freed the woman,1350,5.94,7980369,befreit,die,freed,freed,Frau,woman,befreite,hat,Die Frau,Die Frau hat,Die Frau hat die Frau
Ich habe die Frau umgebracht,I killed the woman,1293,6.1,7980369,umgebracht,die,killed,killed,Frau,woman,brachte um,habe,Ich,Ich habe,Ich habe die Frau
Er hat die Frau umgebracht,He killed the woman,1293,6.1,7980369,umgebracht,die,killed,killed,Frau,woman,brachte um,hat,Er,Er hat,Er hat die Frau
Der Mann hat die Frau umgebracht,The man killed the woman,1293,6.1,7980369,umgebracht,die,killed,killed,Frau,woman,brachte um,hat,Der Mann,Der Mann hat,Der Mann hat die Frau
Die Frau hat die Frau umgebracht,The woman killed the woman,1293,6.1,7980369,umgebracht,die,killed,killed,Frau,woman,brachte um,hat,Die Frau,Die Frau hat,Die Frau hat die Frau
Ich habe die Frau erkannt,I recognised the woman,1289,4.6,7980369,erkannt,die,recognised,recognised,Frau,woman,erkannte,habe,Ich,Ich habe,Ich habe die Frau
Er hat die Frau erkannt,He recognised the woman,1289,4.6,7980369,erkannt,die,recognised,recognised,Frau,woman,erkannte,hat,Er,Er hat,Er hat die Frau
Der Mann hat die Frau erkannt,The man recognised the woman,1289,4.6,7980369,erkannt,die,recognised,recognised,Frau,woman,erkannte,hat,Der Mann,Der Mann hat,Der Mann hat die Frau
Die Frau hat die Frau erkannt,The woman recognised the woman,1289,4.6,7980369,erkannt,die,recognised,recognised,Frau,woman,erkannte,hat,Die Frau,Die Frau hat,Die Frau hat die Frau
Ich habe die Frau dargestellt,I portrayed the woman,1273,4.65,7980369,dargestellt,die,portrayed,portrayed,Frau,woman,stellte dar,habe,Ich,Ich habe,Ich habe die Frau
Er hat die Frau dargestellt,He portrayed the woman,1273,4.65,7980369,dargestellt,die,portrayed,portrayed,Frau,woman,stellte dar,hat,Er,Er hat,Er hat die Frau
Der Mann hat die Frau dargestellt,The man portrayed the woman,1273,4.65,7980369,dargestellt,die,portrayed,portrayed,Frau,woman,stellte dar,hat,Der Mann,Der Mann hat,Der Mann hat die Frau
Die Frau hat die Frau dargestellt,The woman portrayed the woman,1273,4.65,7980369,dargestellt,die,portrayed,portrayed,Frau,woman,stellte dar,hat,Die Frau,Die Frau hat,Die Frau hat die Frau
Ich habe die Frau gekauft,I bought the woman,1199,4.14,7980369,gekauft,die,bought,bought,Frau,woman,kaufte,habe,Ich,Ich habe,Ich habe die Frau
Er hat die Frau gekauft,He bought the woman,1199,4.14,7980369,gekauft,die,bought,bought,Frau,woman,kaufte,hat,Er,Er hat,Er hat die Frau
Der Mann hat die Frau gekauft,The man bought the woman,1199,4.14,7980369,gekauft,die,bought,bought,Frau,woman,kaufte,hat,Der Mann,Der Mann hat,Der Mann hat die Frau
Die Frau hat die Frau gekauft,The woman bought the woman,1199,4.14,7980369,gekauft,die,bought,bought,Frau,woman,kaufte,hat,Die Frau,Die Frau hat,Die Frau hat die Frau
Ich habe die Frau entdeckt,I discovered the woman,1180,4.61,7980369,entdeckt,die,discovered,discovered,Frau,woman,entdeckte,habe,Ich,Ich habe,Ich habe die Frau
Er hat die Frau entdeckt,He discovered the woman,1180,4.61,7980369,entdeckt,die,discovered,discovered,Frau,woman,entdeckte,hat,Er,Er hat,Er hat die Frau
Der Mann hat die Frau entdeckt,The man discovered the woman,1180,4.61,7980369,entdeckt,die,discovered,discovered,Frau,woman,entdeckte,hat,Der Mann,Der Mann hat,Der Mann hat die Frau
Die Frau hat die Frau entdeckt,The woman discovered the woman,1180,4.61,7980369,entdeckt,die,discovered,discovered,Frau,woman,entdeckte,hat,Die Frau,Die Frau hat,Die Frau hat die Frau
